interaction_id,user_id,restaurant_id,event_type,timestamp
I00001,U001,R023,view,2026-04-30 15:13:21
I00002,U001,R075,view,2026-06-29 03:07:50
I00003,U001,R075,click,2026-06-29 04:57:50
I00004,U001,R075,visit,2026-06-29 06:26:50
I00005,U001,R070,view,2026-08-26 03:13:12
I00006,U001,R070,click,2026-08-26 04:43:12
I00007,U001,R070,save,2026-08-26 07:19:12
I00008,U001,R070,visit,2026-08-26 08:28:12
I00009,U001,R070,rating,2026-08-26 08:41:12
I00010,U001,R092,view,2026-08-19 02:36:42
I00011,U001,R092,click,2026-08-19 05:18:42
I00012,U001,R092,save,2026-08-19 07:58:42
I00013,U001,R008,view,2025-10-31 23:42:54
I00014,U001,R008,click,2025-11-01 00:43:54
I00015,U001,R008,save,2025-11-01 01:10:54
I00016,U001,R008,visit,2025-11-01 02:49:54
I00017,U001,R008,rating,2025-11-01 04:02:54
I00018,U001,R042,view,2026-02-19 16:28:56
I00019,U001,R003,view,2026-06-09 16:07:39
I00020,U001,R003,click,2026-06-09 16:27:39
I00021,U001,R003,like,2026-06-09 19:04:39
I00022,U001,R024,view,2026-06-06 13:13:48
I00023,U001,R024,click,2026-06-06 16:11:48
I00024,U001,R024,save,2026-06-06 18:35:48
I00025,U001,R050,view,2026-01-31 12:14:07
I00026,U001,R050,click,2026-01-31 13:58:07
I00027,U001,R050,visit,2026-01-31 15:08:07
I00028,U001,R050,rating,2026-01-31 15:26:07
I00029,U001,R002,view,2026-05-09 06:30:04
I00030,U001,R021,view,2025-11-25 11:39:35
I00031,U001,R021,click,2025-11-25 12:48:35
I00032,U002,R027,view,2026-06-22 18:00:04
I00033,U002,R027,click,2026-06-22 20:19:04
I00034,U002,R027,visit,2026-06-22 21:29:04
I00035,U002,R060,view,2026-07-07 11:54:36
I00036,U002,R060,click,2026-07-07 13:03:36
I00037,U002,R060,like,2026-07-07 15:13:36
I00038,U002,R060,save,2026-07-07 16:00:36
I00039,U002,R060,visit,2026-07-07 18:11:36
I00040,U002,R090,view,2026-01-24 21:42:25
I00041,U002,R041,view,2026-04-24 23:15:16
I00042,U002,R041,click,2026-04-24 23:17:16
I00043,U002,R041,like,2026-04-25 01:52:16
I00044,U002,R041,visit,2026-04-25 03:16:16
I00045,U002,R021,view,2026-01-28 10:14:21
I00046,U002,R021,click,2026-01-28 11:17:21
I00047,U002,R100,view,2026-08-13 21:53:16
I00048,U002,R100,click,2026-08-13 22:12:16
I00049,U002,R100,save,2026-08-14 00:30:16
I00050,U002,R052,view,2026-09-04 19:39:55
I00051,U002,R052,click,2026-09-04 22:16:55
I00052,U002,R009,view,2026-04-28 10:36:13
I00053,U002,R005,view,2026-03-20 03:23:19
I00054,U002,R005,click,2026-03-20 05:37:19
I00055,U002,R012,view,2025-12-29 08:49:29
I00056,U002,R012,click,2025-12-29 11:21:29
I00057,U002,R012,like,2025-12-29 12:19:29
I00058,U002,R012,save,2025-12-29 12:22:29
I00059,U002,R065,view,2025-10-23 20:44:35
I00060,U002,R079,view,2026-01-17 03:35:46
I00061,U002,R079,click,2026-01-17 06:28:46
I00062,U002,R079,like,2026-01-17 08:34:46
I00063,U002,R044,view,2026-01-03 08:53:54
I00064,U002,R044,click,2026-01-03 10:56:54
I00065,U002,R007,view,2026-03-31 08:59:07
I00066,U002,R007,click,2026-03-31 09:14:07
I00067,U002,R007,like,2026-03-31 12:08:07
I00068,U002,R042,view,2025-11-08 05:19:15
I00069,U002,R099,view,2026-03-24 05:22:52
I00070,U002,R099,click,2026-03-24 05:59:52
I00071,U002,R099,like,2026-03-24 07:49:52
I00072,U002,R099,visit,2026-03-24 08:37:52
I00073,U002,R099,rating,2026-03-24 09:50:52
I00074,U003,R082,view,2026-07-11 16:48:10
I00075,U003,R082,click,2026-07-11 19:12:10
I00076,U003,R082,visit,2026-07-11 22:03:10
I00077,U003,R088,view,2026-04-29 13:37:32
I00078,U003,R088,click,2026-04-29 13:54:32
I00079,U003,R088,like,2026-04-29 15:16:32
I00080,U003,R011,view,2025-10-23 02:09:21
I00081,U003,R011,click,2025-10-23 04:21:21
I00082,U003,R068,view,2025-10-27 14:39:54
I00083,U003,R055,view,2026-05-10 05:45:34
I00084,U003,R055,click,2026-05-10 06:50:34
I00085,U003,R002,view,2026-05-29 13:03:14
I00086,U003,R012,view,2025-12-19 07:50:01
I00087,U003,R012,click,2025-12-19 10:43:01
I00088,U003,R079,view,2026-07-19 23:53:05
I00089,U003,R079,click,2026-07-20 00:13:05
I00090,U003,R079,like,2026-07-20 00:17:05
I00091,U003,R079,visit,2026-07-20 02:16:05
I00092,U003,R079,rating,2026-07-20 04:57:05
I00093,U003,R025,view,2025-10-29 10:50:21
I00094,U003,R044,view,2026-09-07 11:23:33
I00095,U003,R044,click,2026-09-07 12:27:33
I00096,U003,R050,view,2026-08-10 10:43:00
I00097,U003,R050,click,2026-08-10 13:32:00
I00098,U003,R090,view,2026-09-07 00:44:11
I00099,U003,R090,click,2026-09-07 01:20:11
I00100,U003,R090,save,2026-09-07 02:29:11
I00101,U003,R094,view,2026-07-16 07:49:30
I00102,U003,R019,view,2026-06-24 23:56:15
I00103,U003,R019,click,2026-06-25 02:40:15
I00104,U003,R019,like,2026-06-25 03:49:15
I00105,U003,R019,save,2026-06-25 06:00:15
I00106,U003,R001,view,2026-08-19 02:05:04
I00107,U003,R001,click,2026-08-19 03:17:04
I00108,U003,R001,save,2026-08-19 03:30:04
I00109,U004,R075,view,2026-08-06 04:23:51
I00110,U004,R075,click,2026-08-06 04:35:51
I00111,U004,R075,like,2026-08-06 06:08:51
I00112,U004,R055,view,2026-06-17 00:16:11
I00113,U004,R044,view,2026-07-19 01:38:15
I00114,U004,R044,click,2026-07-19 02:19:15
I00115,U004,R001,view,2025-10-10 15:01:32
I00116,U004,R001,click,2025-10-10 15:48:32
I00117,U004,R008,view,2026-01-05 09:05:10
I00118,U004,R008,click,2026-01-05 10:15:10
I00119,U004,R008,like,2026-01-05 10:57:10
I00120,U004,R091,view,2026-02-13 19:03:09
I00121,U004,R091,click,2026-02-13 20:23:09
I00122,U004,R091,like,2026-02-13 21:23:09
I00123,U004,R091,visit,2026-02-13 22:22:09
I00124,U004,R092,view,2026-02-14 08:55:08
I00125,U004,R092,click,2026-02-14 11:41:08
I00126,U004,R092,like,2026-02-14 13:53:08
I00127,U004,R092,save,2026-02-14 15:37:08
I00128,U004,R092,visit,2026-02-14 18:32:08
I00129,U004,R054,view,2026-05-14 11:29:18
I00130,U004,R054,click,2026-05-14 12:38:18
I00131,U004,R054,like,2026-05-14 12:49:18
I00132,U004,R085,view,2026-02-12 06:02:14
I00133,U004,R059,view,2025-12-13 19:39:45
I00134,U004,R059,click,2025-12-13 20:46:45
I00135,U004,R059,save,2025-12-13 20:59:45
I00136,U005,R069,view,2025-12-07 14:03:08
I00137,U005,R069,click,2025-12-07 16:42:08
I00138,U005,R069,save,2025-12-07 19:09:08
I00139,U005,R095,view,2026-08-20 18:52:54
I00140,U005,R076,view,2026-02-03 03:34:49
I00141,U005,R076,click,2026-02-03 05:35:49
I00142,U005,R076,like,2026-02-03 07:30:49
I00143,U005,R018,view,2026-04-17 12:29:13
I00144,U005,R043,view,2026-01-19 05:04:51
I00145,U005,R043,click,2026-01-19 07:17:51
I00146,U005,R096,view,2026-02-08 04:10:51
I00147,U005,R091,view,2025-10-10 11:39:40
I00148,U005,R091,click,2025-10-10 11:52:40
I00149,U005,R091,visit,2025-10-10 12:56:40
I00150,U005,R091,rating,2025-10-10 14:59:40
I00151,U005,R060,view,2025-12-15 12:16:03
I00152,U005,R060,click,2025-12-15 15:16:03
I00153,U005,R060,like,2025-12-15 16:56:03
I00154,U005,R065,view,2026-08-31 03:53:14
I00155,U005,R065,click,2026-08-31 04:22:14
I00156,U005,R065,like,2026-08-31 06:12:14
I00157,U005,R011,view,2026-08-26 11:04:04
I00158,U005,R011,click,2026-08-26 11:37:04
I00159,U005,R011,visit,2026-08-26 13:35:04
I00160,U005,R011,rating,2026-08-26 14:11:04
I00161,U005,R089,view,2026-05-06 01:33:40
I00162,U005,R048,view,2026-09-12 10:13:54
I00163,U005,R048,click,2026-09-12 12:24:54
I00164,U005,R066,view,2026-05-01 18:32:12
I00165,U005,R029,view,2026-07-16 19:22:15
I00166,U005,R071,view,2026-07-30 00:27:17
I00167,U005,R071,click,2026-07-30 02:42:17
I00168,U005,R053,view,2026-01-15 15:26:01
I00169,U006,R025,view,2026-06-28 02:44:38
I00170,U006,R025,click,2026-06-28 02:51:38
I00171,U006,R032,view,2026-08-28 10:42:41
I00172,U006,R032,click,2026-08-28 12:31:41
I00173,U006,R032,like,2026-08-28 14:50:41
I00174,U006,R032,save,2026-08-28 17:11:41
I00175,U006,R054,view,2026-04-08 14:37:42
I00176,U006,R012,view,2026-08-06 23:13:32
I00177,U006,R012,click,2026-08-07 00:58:32
I00178,U006,R021,view,2025-11-19 13:34:38
I00179,U006,R071,view,2025-11-02 14:26:49
I00180,U006,R071,click,2025-11-02 17:12:49
I00181,U006,R072,view,2026-02-04 22:25:25
I00182,U006,R072,click,2026-02-04 23:53:25
I00183,U006,R072,like,2026-02-05 01:32:25
I00184,U006,R072,save,2026-02-05 02:45:25
I00185,U006,R072,visit,2026-02-05 04:34:25
I00186,U006,R072,rating,2026-02-05 05:40:25
I00187,U006,R005,view,2025-12-27 01:54:07
I00188,U006,R005,click,2025-12-27 04:42:07
I00189,U006,R005,save,2025-12-27 05:01:07
I00190,U006,R041,view,2026-05-30 07:16:05
I00191,U006,R041,click,2026-05-30 07:57:05
I00192,U006,R041,like,2026-05-30 09:00:05
I00193,U006,R041,save,2026-05-30 09:34:05
I00194,U006,R055,view,2026-05-08 00:34:38
I00195,U006,R040,view,2026-07-18 11:10:20
I00196,U006,R040,click,2026-07-18 11:41:20
I00197,U006,R040,like,2026-07-18 12:24:20
I00198,U007,R095,view,2026-08-09 20:03:53
I00199,U007,R095,click,2026-08-09 20:35:53
I00200,U007,R058,view,2026-02-12 20:10:25
I00201,U007,R091,view,2026-08-16 08:40:46
I00202,U007,R091,click,2026-08-16 10:47:46
I00203,U007,R091,like,2026-08-16 11:16:46
I00204,U007,R091,visit,2026-08-16 13:08:46
I00205,U007,R034,view,2026-08-18 20:06:43
I00206,U007,R096,view,2026-01-13 21:21:01
I00207,U007,R096,click,2026-01-14 00:00:01
I00208,U007,R096,like,2026-01-14 02:19:01
I00209,U007,R018,view,2026-01-04 08:10:50
I00210,U007,R018,click,2026-01-04 08:34:50
I00211,U007,R057,view,2026-01-03 16:58:19
I00212,U007,R082,view,2026-02-04 05:21:05
I00213,U007,R082,click,2026-02-04 06:09:05
I00214,U007,R082,save,2026-02-04 08:15:05
I00215,U008,R090,view,2026-01-27 22:02:49
I00216,U008,R090,click,2026-01-28 00:53:49
I00217,U008,R090,like,2026-01-28 03:23:49
I00218,U008,R090,save,2026-01-28 04:59:49
I00219,U008,R068,view,2026-02-14 15:06:42
I00220,U008,R068,click,2026-02-14 17:04:42
I00221,U008,R068,like,2026-02-14 18:15:42
I00222,U008,R025,view,2026-07-24 00:07:19
I00223,U008,R025,click,2026-07-24 03:05:19
I00224,U008,R025,like,2026-07-24 03:54:19
I00225,U008,R025,save,2026-07-24 04:45:19
I00226,U008,R025,visit,2026-07-24 05:42:19
I00227,U008,R025,rating,2026-07-24 07:47:19
I00228,U008,R001,view,2025-12-15 09:18:25
I00229,U008,R001,click,2025-12-15 10:35:25
I00230,U008,R001,visit,2025-12-15 11:35:25
I00231,U008,R001,rating,2025-12-15 13:09:25
I00232,U008,R095,view,2026-01-22 10:54:39
I00233,U008,R095,click,2026-01-22 13:54:39
I00234,U008,R095,save,2026-01-22 14:28:39
I00235,U008,R095,visit,2026-01-22 17:13:39
I00236,U008,R095,rating,2026-01-22 19:20:39
I00237,U008,R008,view,2025-10-20 22:51:56
I00238,U008,R008,click,2025-10-20 23:57:56
I00239,U008,R008,visit,2025-10-21 02:01:56
I00240,U008,R008,rating,2025-10-21 02:32:56
I00241,U008,R071,view,2026-05-07 14:02:42
I00242,U008,R071,click,2026-05-07 15:21:42
I00243,U008,R071,like,2026-05-07 15:44:42
I00244,U008,R071,visit,2026-05-07 16:49:42
I00245,U008,R071,rating,2026-05-07 17:21:42
I00246,U008,R049,view,2026-03-24 23:05:56
I00247,U008,R049,click,2026-03-25 01:00:56
I00248,U008,R049,visit,2026-03-25 02:18:56
I00249,U008,R049,rating,2026-03-25 04:50:56
I00250,U008,R075,view,2026-07-24 05:13:30
I00251,U008,R075,click,2026-07-24 06:08:30
I00252,U008,R066,view,2025-10-02 00:56:22
I00253,U008,R066,click,2025-10-02 02:42:22
I00254,U008,R066,save,2025-10-02 04:39:22
I00255,U008,R066,visit,2025-10-02 07:37:22
I00256,U008,R066,rating,2025-10-02 10:11:22
I00257,U008,R062,view,2026-03-26 07:52:43
I00258,U008,R062,click,2026-03-26 08:12:43
I00259,U008,R062,like,2026-03-26 11:09:43
I00260,U008,R046,view,2026-08-02 23:05:21
I00261,U009,R021,view,2026-09-11 10:01:19
I00262,U009,R015,view,2026-08-31 04:35:54
I00263,U009,R015,click,2026-08-31 07:04:54
I00264,U009,R015,save,2026-08-31 09:36:54
I00265,U009,R015,visit,2026-08-31 09:43:54
I00266,U009,R027,view,2026-05-12 19:00:40
I00267,U009,R014,view,2025-12-08 00:53:45
I00268,U009,R006,view,2026-03-19 06:44:33
I00269,U009,R006,click,2026-03-19 09:28:33
I00270,U009,R006,like,2026-03-19 11:35:33
I00271,U009,R006,save,2026-03-19 12:00:33
I00272,U009,R081,view,2026-02-06 01:59:34
I00273,U009,R081,click,2026-02-06 03:46:34
I00274,U009,R081,like,2026-02-06 06:45:34
I00275,U009,R057,view,2026-03-26 15:17:05
I00276,U009,R057,click,2026-03-26 15:41:05
I00277,U009,R083,view,2026-08-17 08:52:43
I00278,U009,R083,click,2026-08-17 08:54:43
I00279,U009,R083,like,2026-08-17 11:44:43
I00280,U009,R093,view,2025-10-22 01:13:07
I00281,U009,R041,view,2025-10-21 01:03:23
I00282,U009,R041,click,2025-10-21 01:57:23
I00283,U009,R045,view,2025-11-17 03:46:23
I00284,U009,R045,click,2025-11-17 03:55:23
I00285,U009,R030,view,2026-05-03 11:21:22
I00286,U009,R030,click,2026-05-03 13:07:22
I00287,U009,R030,like,2026-05-03 13:32:22
I00288,U009,R030,save,2026-05-03 14:31:22
I00289,U009,R039,view,2026-07-06 07:13:37
I00290,U009,R039,click,2026-07-06 08:29:37
I00291,U009,R039,like,2026-07-06 10:41:37
I00292,U009,R025,view,2025-11-26 04:09:39
I00293,U009,R025,click,2025-11-26 05:49:39
I00294,U009,R025,like,2025-11-26 06:39:39
I00295,U009,R053,view,2026-08-03 19:23:28
I00296,U009,R053,click,2026-08-03 21:11:28
I00297,U009,R046,view,2026-04-16 04:27:29
I00298,U010,R085,view,2026-02-01 13:37:05
I00299,U010,R085,click,2026-02-01 15:40:05
I00300,U010,R058,view,2026-04-11 08:47:51
I00301,U010,R058,click,2026-04-11 08:58:51
I00302,U010,R067,view,2026-03-20 23:57:04
I00303,U010,R067,click,2026-03-21 00:24:04
I00304,U010,R090,view,2025-10-06 23:02:59
I00305,U010,R041,view,2026-01-11 22:11:28
I00306,U010,R041,click,2026-01-11 23:39:28
I00307,U010,R041,save,2026-01-12 02:20:28
I00308,U010,R045,view,2026-04-26 05:43:13
I00309,U010,R045,click,2026-04-26 07:22:13
I00310,U010,R045,like,2026-04-26 08:45:13
I00311,U010,R027,view,2026-07-22 22:08:16
I00312,U010,R075,view,2025-10-14 22:36:13
I00313,U010,R032,view,2026-07-18 00:22:01
I00314,U010,R032,click,2026-07-18 00:47:01
I00315,U010,R094,view,2026-07-23 07:09:33
I00316,U010,R087,view,2025-11-09 00:47:43
I00317,U010,R098,view,2026-02-17 05:07:13
I00318,U010,R098,click,2026-02-17 06:44:13
I00319,U010,R098,like,2026-02-17 08:36:13
I00320,U010,R098,save,2026-02-17 09:15:13
I00321,U010,R098,visit,2026-02-17 10:19:13
I00322,U010,R098,rating,2026-02-17 12:36:13
I00323,U011,R062,view,2026-03-30 16:28:28
I00324,U011,R040,view,2025-12-01 08:26:22
I00325,U011,R070,view,2026-03-14 18:50:45
I00326,U011,R070,click,2026-03-14 21:48:45
I00327,U011,R070,like,2026-03-14 22:54:45
I00328,U011,R050,view,2025-12-17 08:50:13
I00329,U011,R059,view,2025-11-11 10:04:49
I00330,U011,R022,view,2025-10-09 12:29:30
I00331,U011,R022,click,2025-10-09 15:19:30
I00332,U011,R066,view,2025-10-20 01:07:31
I00333,U011,R066,click,2025-10-20 03:44:31
I00334,U011,R046,view,2026-09-16 15:57:48
I00335,U011,R069,view,2026-01-06 08:00:39
I00336,U011,R069,click,2026-01-06 10:55:39
I00337,U011,R069,like,2026-01-06 13:45:39
I00338,U011,R069,visit,2026-01-06 16:41:39
I00339,U011,R069,rating,2026-01-06 17:18:39
I00340,U012,R082,view,2026-08-10 05:01:03
I00341,U012,R082,click,2026-08-10 06:18:03
I00342,U012,R082,like,2026-08-10 07:46:03
I00343,U012,R004,view,2026-06-19 21:55:17
I00344,U012,R004,click,2026-06-19 23:38:17
I00345,U012,R004,like,2026-06-20 02:02:17
I00346,U012,R004,visit,2026-06-20 03:37:17
I00347,U012,R036,view,2026-06-19 07:12:54
I00348,U012,R036,click,2026-06-19 10:06:54
I00349,U012,R036,like,2026-06-19 11:15:54
I00350,U012,R016,view,2026-04-02 02:28:58
I00351,U012,R016,click,2026-04-02 02:36:58
I00352,U012,R094,view,2026-08-16 22:53:18
I00353,U012,R094,click,2026-08-17 00:53:18
I00354,U012,R094,visit,2026-08-17 02:12:18
I00355,U012,R094,rating,2026-08-17 05:00:18
I00356,U012,R034,view,2025-11-15 02:19:16
I00357,U012,R034,click,2025-11-15 02:45:16
I00358,U012,R034,like,2025-11-15 03:47:16
I00359,U012,R034,save,2025-11-15 06:06:16
I00360,U012,R044,view,2026-04-28 18:57:32
I00361,U012,R044,click,2026-04-28 20:46:32
I00362,U012,R023,view,2025-11-30 00:15:28
I00363,U012,R081,view,2026-01-17 15:22:01
I00364,U012,R081,click,2026-01-17 15:32:01
I00365,U012,R088,view,2026-03-22 04:37:47
I00366,U012,R039,view,2026-08-29 05:22:25
I00367,U012,R050,view,2026-02-17 07:04:57
I00368,U012,R050,click,2026-02-17 07:21:57
I00369,U013,R009,view,2026-05-20 10:57:05
I00370,U013,R020,view,2026-08-07 02:41:17
I00371,U013,R020,click,2026-08-07 03:27:17
I00372,U013,R064,view,2026-01-01 09:40:59
I00373,U013,R064,click,2026-01-01 12:12:59
I00374,U013,R064,like,2026-01-01 13:36:59
I00375,U013,R064,save,2026-01-01 13:42:59
I00376,U013,R098,view,2026-03-24 02:13:40
I00377,U013,R098,click,2026-03-24 03:47:40
I00378,U013,R098,like,2026-03-24 06:00:40
I00379,U013,R098,visit,2026-03-24 08:33:40
I00380,U013,R098,rating,2026-03-24 09:02:40
I00381,U013,R005,view,2026-09-02 16:50:51
I00382,U013,R005,click,2026-09-02 19:40:51
I00383,U013,R005,save,2026-09-02 21:55:51
I00384,U013,R035,view,2025-10-13 02:20:42
I00385,U013,R099,view,2026-08-26 01:23:41
I00386,U013,R079,view,2026-02-03 02:17:59
I00387,U013,R079,click,2026-02-03 04:54:59
I00388,U013,R079,like,2026-02-03 05:33:59
I00389,U013,R079,visit,2026-02-03 05:51:59
I00390,U013,R021,view,2026-05-21 00:05:44
I00391,U013,R021,click,2026-05-21 02:22:44
I00392,U013,R083,view,2026-08-28 04:36:15
I00393,U013,R083,click,2026-08-28 07:25:15
I00394,U013,R083,save,2026-08-28 10:13:15
I00395,U013,R052,view,2025-12-23 12:09:36
I00396,U013,R056,view,2026-03-11 13:18:16
I00397,U013,R056,click,2026-03-11 13:44:16
I00398,U013,R056,like,2026-03-11 15:06:16
I00399,U013,R056,save,2026-03-11 16:57:16
I00400,U013,R080,view,2026-02-23 08:44:18
I00401,U013,R023,view,2026-04-03 04:29:49
I00402,U013,R075,view,2026-02-22 17:19:13
I00403,U013,R075,click,2026-02-22 17:54:13
I00404,U013,R075,like,2026-02-22 20:18:13
I00405,U014,R043,view,2026-02-13 23:17:56
I00406,U014,R043,click,2026-02-14 01:41:56
I00407,U014,R043,like,2026-02-14 03:17:56
I00408,U014,R088,view,2026-07-26 00:59:22
I00409,U014,R088,click,2026-07-26 03:40:22
I00410,U014,R094,view,2026-05-05 05:11:26
I00411,U014,R042,view,2026-06-13 11:25:53
I00412,U014,R090,view,2025-10-03 08:54:36
I00413,U014,R090,click,2025-10-03 09:42:36
I00414,U014,R090,like,2025-10-03 10:20:36
I00415,U014,R090,visit,2025-10-03 12:46:36
I00416,U014,R090,rating,2025-10-03 15:36:36
I00417,U014,R005,view,2026-02-24 02:23:09
I00418,U014,R005,click,2026-02-24 04:12:09
I00419,U014,R005,visit,2026-02-24 06:10:09
I00420,U014,R028,view,2026-05-20 13:12:30
I00421,U014,R028,click,2026-05-20 13:35:30
I00422,U014,R028,like,2026-05-20 13:50:30
I00423,U014,R028,save,2026-05-20 14:31:30
I00424,U014,R031,view,2026-05-24 18:21:30
I00425,U014,R031,click,2026-05-24 20:16:30
I00426,U014,R031,like,2026-05-24 22:04:30
I00427,U014,R031,save,2026-05-24 23:15:30
I00428,U014,R031,visit,2026-05-25 00:12:30
I00429,U014,R031,rating,2026-05-25 02:25:30
I00430,U014,R011,view,2026-04-23 15:22:54
I00431,U014,R011,click,2026-04-23 18:14:54
I00432,U014,R011,like,2026-04-23 19:34:54
I00433,U015,R002,view,2026-08-20 15:25:26
I00434,U015,R002,click,2026-08-20 18:18:26
I00435,U015,R031,view,2026-08-31 19:26:51
I00436,U015,R031,click,2026-08-31 20:48:51
I00437,U015,R031,save,2026-08-31 23:17:51
I00438,U015,R031,visit,2026-09-01 01:08:51
I00439,U015,R023,view,2026-02-04 03:03:31
I00440,U015,R023,click,2026-02-04 03:48:31
I00441,U015,R017,view,2026-03-19 04:47:58
I00442,U015,R017,click,2026-03-19 07:19:58
I00443,U015,R017,save,2026-03-19 09:03:58
I00444,U015,R017,visit,2026-03-19 11:19:58
I00445,U015,R017,rating,2026-03-19 11:41:58
I00446,U015,R028,view,2026-07-17 15:24:17
I00447,U015,R037,view,2026-04-25 01:35:43
I00448,U015,R037,click,2026-04-25 03:47:43
I00449,U015,R037,save,2026-04-25 04:38:43
I00450,U015,R003,view,2026-01-08 09:47:48
I00451,U015,R003,click,2026-01-08 10:39:48
I00452,U015,R003,visit,2026-01-08 11:25:48
I00453,U015,R003,rating,2026-01-08 14:01:48
I00454,U015,R077,view,2026-06-12 13:47:12
I00455,U016,R073,view,2025-10-30 19:11:05
I00456,U016,R073,click,2025-10-30 21:58:05
I00457,U016,R073,like,2025-10-30 22:23:05
I00458,U016,R073,visit,2025-10-31 01:02:05
I00459,U016,R074,view,2026-09-13 22:10:36
I00460,U016,R074,click,2026-09-13 22:22:36
I00461,U016,R074,like,2026-09-14 00:19:36
I00462,U016,R043,view,2026-02-02 20:50:47
I00463,U016,R093,view,2026-02-11 09:04:19
I00464,U016,R093,click,2026-02-11 09:27:19
I00465,U016,R093,like,2026-02-11 11:38:19
I00466,U016,R093,save,2026-02-11 14:25:19
I00467,U016,R093,visit,2026-02-11 15:11:19
I00468,U016,R054,view,2025-12-01 15:37:18
I00469,U016,R054,click,2025-12-01 17:12:18
I00470,U016,R054,like,2025-12-01 18:49:18
I00471,U016,R061,view,2026-02-07 23:09:28
I00472,U016,R061,click,2026-02-07 23:27:28
I00473,U016,R061,visit,2026-02-08 00:53:28
I00474,U016,R061,rating,2026-02-08 01:19:28
I00475,U016,R059,view,2026-01-19 08:26:30
I00476,U016,R086,view,2026-06-12 23:37:14
I00477,U016,R058,view,2026-02-07 11:09:33
I00478,U016,R016,view,2025-11-24 22:12:28
I00479,U016,R007,view,2025-11-02 21:38:18
I00480,U016,R007,click,2025-11-02 22:59:18
I00481,U016,R007,visit,2025-11-03 01:24:18
I00482,U016,R040,view,2026-07-14 21:52:44
I00483,U016,R040,click,2026-07-15 00:49:44
I00484,U016,R040,like,2026-07-15 03:05:44
I00485,U016,R040,save,2026-07-15 03:30:44
I00486,U016,R027,view,2026-04-16 11:27:22
I00487,U016,R025,view,2025-12-14 13:37:06
I00488,U016,R025,click,2025-12-14 14:36:06
I00489,U016,R025,like,2025-12-14 15:13:06
I00490,U016,R025,visit,2025-12-14 15:54:06
I00491,U016,R006,view,2026-07-14 20:39:39
I00492,U016,R006,click,2026-07-14 22:55:39
I00493,U017,R017,view,2026-01-29 04:26:59
I00494,U017,R017,click,2026-01-29 06:28:59
I00495,U017,R083,view,2026-01-18 10:18:10
I00496,U017,R083,click,2026-01-18 11:57:10
I00497,U017,R076,view,2025-12-02 22:29:29
I00498,U017,R081,view,2026-09-05 11:21:37
I00499,U017,R081,click,2026-09-05 12:58:37
I00500,U017,R081,like,2026-09-05 15:21:37
I00501,U017,R081,save,2026-09-05 15:49:37
I00502,U017,R018,view,2026-01-19 16:58:47
I00503,U017,R045,view,2026-09-19 14:31:16
I00504,U017,R045,click,2026-09-19 15:29:16
I00505,U017,R045,like,2026-09-19 17:26:16
I00506,U017,R045,visit,2026-09-19 18:57:16
I00507,U017,R045,rating,2026-09-19 19:05:16
I00508,U017,R043,view,2026-02-23 14:26:21
I00509,U017,R043,click,2026-02-23 15:25:21
I00510,U017,R043,save,2026-02-23 15:34:21
I00511,U017,R066,view,2026-08-22 21:41:23
I00512,U017,R025,view,2026-04-02 11:35:56
I00513,U017,R025,click,2026-04-02 14:35:56
I00514,U017,R025,like,2026-04-02 15:12:56
I00515,U017,R025,save,2026-04-02 17:14:56
I00516,U017,R047,view,2026-07-10 10:19:10
I00517,U017,R047,click,2026-07-10 12:56:10
I00518,U017,R047,save,2026-07-10 15:13:10
I00519,U017,R047,visit,2026-07-10 17:03:10
I00520,U017,R047,rating,2026-07-10 17:33:10
I00521,U018,R004,view,2026-01-02 10:13:16
I00522,U018,R004,click,2026-01-02 12:41:16
I00523,U018,R004,like,2026-01-02 14:29:16
I00524,U018,R041,view,2026-04-16 00:38:12
I00525,U018,R041,click,2026-04-16 02:49:12
I00526,U018,R041,like,2026-04-16 05:12:12
I00527,U018,R041,visit,2026-04-16 05:19:12
I00528,U018,R041,rating,2026-04-16 07:00:12
I00529,U018,R082,view,2026-02-16 16:21:22
I00530,U018,R082,click,2026-02-16 16:40:22
I00531,U018,R082,like,2026-02-16 18:10:22
I00532,U018,R082,save,2026-02-16 19:13:22
I00533,U018,R046,view,2026-07-27 14:54:50
I00534,U018,R009,view,2026-08-12 22:27:07
I00535,U018,R009,click,2026-08-13 01:13:07
I00536,U018,R009,like,2026-08-13 01:59:07
I00537,U018,R009,save,2026-08-13 04:56:07
I00538,U018,R092,view,2026-04-04 20:14:01
I00539,U018,R061,view,2025-10-15 08:42:50
I00540,U018,R061,click,2025-10-15 09:59:50
I00541,U018,R061,like,2025-10-15 10:52:50
I00542,U018,R001,view,2026-08-13 16:08:07
I00543,U018,R001,click,2026-08-13 18:29:07
I00544,U018,R001,save,2026-08-13 20:32:07
I00545,U018,R001,visit,2026-08-13 21:38:07
I00546,U018,R001,rating,2026-08-13 21:49:07
I00547,U018,R053,view,2026-02-06 21:45:44
I00548,U018,R053,click,2026-02-06 22:56:44
I00549,U018,R053,like,2026-02-06 23:29:44
I00550,U019,R033,view,2026-03-23 15:33:01
I00551,U019,R033,click,2026-03-23 15:45:01
I00552,U019,R033,like,2026-03-23 17:17:01
I00553,U019,R033,visit,2026-03-23 19:56:01
I00554,U019,R033,rating,2026-03-23 21:49:01
I00555,U019,R018,view,2026-03-07 18:09:13
I00556,U019,R018,click,2026-03-07 19:44:13
I00557,U019,R018,save,2026-03-07 21:57:13
I00558,U019,R069,view,2026-03-20 04:04:00
I00559,U019,R069,click,2026-03-20 04:14:00
I00560,U019,R069,like,2026-03-20 04:48:00
I00561,U019,R037,view,2025-10-13 13:51:11
I00562,U019,R037,click,2025-10-13 16:27:11
I00563,U019,R080,view,2026-02-22 01:38:23
I00564,U019,R025,view,2026-01-31 02:17:04
I00565,U019,R025,click,2026-01-31 05:05:04
I00566,U019,R025,like,2026-01-31 06:18:04
I00567,U019,R025,save,2026-01-31 07:23:04
I00568,U019,R008,view,2025-11-15 17:36:43
I00569,U019,R008,click,2025-11-15 18:45:43
I00570,U019,R008,like,2025-11-15 19:53:43
I00571,U019,R043,view,2025-12-17 17:47:50
I00572,U019,R043,click,2025-12-17 18:20:50
I00573,U019,R045,view,2026-06-22 20:02:28
I00574,U019,R045,click,2026-06-22 21:25:28
I00575,U019,R045,like,2026-06-23 00:17:28
I00576,U019,R045,visit,2026-06-23 01:47:28
I00577,U019,R045,rating,2026-06-23 02:05:28
I00578,U019,R100,view,2026-06-29 22:30:59
I00579,U019,R100,click,2026-06-30 01:15:59
I00580,U019,R017,view,2026-08-03 22:48:39
I00581,U019,R017,click,2026-08-04 00:56:39
I00582,U019,R017,like,2026-08-04 01:04:39
I00583,U019,R017,save,2026-08-04 02:38:39
I00584,U019,R017,visit,2026-08-04 05:01:39
I00585,U019,R017,rating,2026-08-04 07:29:39
I00586,U019,R029,view,2025-10-26 12:49:00
I00587,U019,R029,click,2025-10-26 14:10:00
I00588,U019,R029,save,2025-10-26 15:53:00
I00589,U019,R010,view,2026-06-07 11:01:46
I00590,U019,R010,click,2026-06-07 11:21:46
I00591,U019,R010,visit,2026-06-07 13:18:46
I00592,U019,R036,view,2026-02-11 19:06:37
I00593,U020,R053,view,2026-05-18 20:03:16
I00594,U020,R053,click,2026-05-18 22:33:16
I00595,U020,R053,visit,2026-05-18 23:14:16
I00596,U020,R053,rating,2026-05-18 23:59:16
I00597,U020,R088,view,2025-10-16 23:57:31
I00598,U020,R088,click,2025-10-17 00:06:31
I00599,U020,R088,save,2025-10-17 00:28:31
I00600,U020,R083,view,2026-07-27 10:26:57
I00601,U020,R052,view,2025-10-12 18:17:06
I00602,U020,R052,click,2025-10-12 20:26:06
I00603,U020,R052,like,2025-10-12 23:08:06
I00604,U020,R029,view,2026-06-24 00:34:38
I00605,U020,R029,click,2026-06-24 02:19:38
I00606,U020,R017,view,2026-06-25 10:20:37
I00607,U020,R095,view,2025-11-25 19:05:21
I00608,U020,R095,click,2025-11-25 20:27:21
I00609,U020,R023,view,2026-08-31 07:01:35
I00610,U020,R096,view,2025-11-20 18:49:43
I00611,U020,R051,view,2025-11-11 05:42:21
I00612,U020,R028,view,2026-02-27 04:32:09
I00613,U020,R028,click,2026-02-27 07:11:09
I00614,U020,R028,like,2026-02-27 09:00:09
I00615,U020,R028,visit,2026-02-27 10:05:09
I00616,U020,R028,rating,2026-02-27 10:47:09
I00617,U020,R009,view,2026-07-08 01:24:14
I00618,U020,R021,view,2026-09-07 09:34:44
I00619,U020,R021,click,2026-09-07 10:54:44
I00620,U020,R021,like,2026-09-07 13:03:44
I00621,U020,R097,view,2026-05-15 13:09:40
I00622,U020,R097,click,2026-05-15 14:41:40
I00623,U021,R062,view,2026-05-31 01:01:57
I00624,U021,R062,click,2026-05-31 03:57:57
I00625,U021,R087,view,2026-02-09 16:30:14
I00626,U021,R087,click,2026-02-09 18:54:14
I00627,U021,R069,view,2025-12-17 07:21:14
I00628,U021,R024,view,2026-04-13 05:03:50
I00629,U021,R001,view,2026-03-27 11:26:31
I00630,U021,R001,click,2026-03-27 12:06:31
I00631,U021,R001,like,2026-03-27 14:43:31
I00632,U021,R001,save,2026-03-27 16:56:31
I00633,U021,R010,view,2026-07-15 02:57:21
I00634,U021,R010,click,2026-07-15 04:15:21
I00635,U021,R010,save,2026-07-15 06:48:21
I00636,U021,R013,view,2026-04-03 10:19:11
I00637,U021,R013,click,2026-04-03 10:25:11
I00638,U021,R026,view,2026-09-15 01:06:59
I00639,U021,R026,click,2026-09-15 04:04:59
I00640,U021,R026,like,2026-09-15 06:47:59
I00641,U021,R039,view,2026-01-12 02:55:22
I00642,U021,R042,view,2026-07-29 10:21:15
I00643,U021,R004,view,2026-05-29 16:21:22
I00644,U021,R004,click,2026-05-29 18:00:22
I00645,U021,R004,visit,2026-05-29 18:39:22
I00646,U021,R004,rating,2026-05-29 21:35:22
I00647,U021,R008,view,2025-11-28 19:26:29
I00648,U021,R008,click,2025-11-28 21:13:29
I00649,U021,R008,save,2025-11-29 00:11:29
I00650,U021,R008,visit,2025-11-29 01:05:29
I00651,U021,R008,rating,2025-11-29 02:52:29
I00652,U021,R063,view,2026-04-02 03:40:53
I00653,U021,R041,view,2026-04-04 18:44:26
I00654,U021,R041,click,2026-04-04 21:00:26
I00655,U021,R041,like,2026-04-04 22:38:26
I00656,U021,R032,view,2026-03-28 12:22:28
I00657,U022,R062,view,2026-08-05 21:42:54
I00658,U022,R018,view,2026-03-03 05:18:32
I00659,U022,R018,click,2026-03-03 06:48:32
I00660,U022,R025,view,2026-03-21 19:14:39
I00661,U022,R025,click,2026-03-21 22:03:39
I00662,U022,R025,like,2026-03-21 23:10:39
I00663,U022,R058,view,2026-01-14 11:41:44
I00664,U022,R058,click,2026-01-14 12:18:44
I00665,U022,R058,save,2026-01-14 12:47:44
I00666,U022,R022,view,2026-01-01 22:16:13
I00667,U022,R098,view,2026-02-06 06:33:34
I00668,U022,R098,click,2026-02-06 08:35:34
I00669,U022,R098,save,2026-02-06 09:02:34
I00670,U022,R098,visit,2026-02-06 11:58:34
I00671,U022,R098,rating,2026-02-06 12:35:34
I00672,U022,R031,view,2025-12-01 08:07:03
I00673,U022,R032,view,2026-09-08 00:13:45
I00674,U022,R019,view,2026-06-08 20:12:17
I00675,U022,R019,click,2026-06-08 20:29:17
I00676,U022,R019,like,2026-06-08 20:53:17
I00677,U022,R072,view,2025-12-07 23:43:19
I00678,U022,R072,click,2025-12-08 01:31:19
I00679,U022,R037,view,2025-10-15 02:42:42
I00680,U022,R040,view,2025-12-12 08:33:00
I00681,U023,R058,view,2026-08-04 02:29:19
I00682,U023,R058,click,2026-08-04 03:46:19
I00683,U023,R058,save,2026-08-04 06:13:19
I00684,U023,R058,visit,2026-08-04 09:07:19
I00685,U023,R011,view,2026-04-19 02:45:49
I00686,U023,R011,click,2026-04-19 04:10:49
I00687,U023,R099,view,2026-01-05 07:57:59
I00688,U023,R099,click,2026-01-05 08:00:59
I00689,U023,R099,like,2026-01-05 09:08:59
I00690,U023,R029,view,2026-07-08 17:45:12
I00691,U023,R029,click,2026-07-08 20:13:12
I00692,U023,R100,view,2026-03-30 17:47:44
I00693,U023,R100,click,2026-03-30 19:07:44
I00694,U023,R100,save,2026-03-30 19:49:44
I00695,U023,R053,view,2026-09-13 15:06:28
I00696,U023,R048,view,2026-06-06 01:13:15
I00697,U023,R094,view,2026-03-26 16:42:30
I00698,U023,R094,click,2026-03-26 19:19:30
I00699,U023,R094,like,2026-03-26 20:56:30
I00700,U023,R086,view,2026-04-01 20:26:08
I00701,U023,R043,view,2026-08-17 15:10:56
I00702,U023,R018,view,2026-06-22 05:14:46
I00703,U023,R009,view,2025-11-01 19:05:11
I00704,U024,R091,view,2026-07-06 10:09:35
I00705,U024,R012,view,2026-03-11 08:02:15
I00706,U024,R012,click,2026-03-11 10:00:15
I00707,U024,R012,visit,2026-03-11 12:26:15
I00708,U024,R012,rating,2026-03-11 12:42:15
I00709,U024,R081,view,2026-08-14 01:53:44
I00710,U024,R081,click,2026-08-14 01:55:44
I00711,U024,R089,view,2025-10-18 14:07:53
I00712,U024,R021,view,2025-10-27 19:18:18
I00713,U024,R021,click,2025-10-27 21:20:18
I00714,U024,R021,like,2025-10-27 21:30:18
I00715,U024,R058,view,2026-06-08 20:02:43
I00716,U024,R058,click,2026-06-08 21:51:43
I00717,U024,R017,view,2026-02-26 12:58:06
I00718,U024,R084,view,2026-09-18 03:41:02
I00719,U024,R048,view,2026-06-11 19:22:45
I00720,U024,R048,click,2026-06-11 20:53:45
I00721,U025,R055,view,2025-11-13 19:47:17
I00722,U025,R074,view,2026-03-12 19:36:20
I00723,U025,R024,view,2026-09-09 05:12:31
I00724,U025,R001,view,2026-06-18 23:42:51
I00725,U025,R001,click,2026-06-18 23:56:51
I00726,U025,R001,like,2026-06-19 01:00:51
I00727,U025,R003,view,2025-10-22 22:05:47
I00728,U025,R003,click,2025-10-22 22:42:47
I00729,U025,R003,like,2025-10-23 00:52:47
I00730,U025,R034,view,2026-07-28 00:34:40
I00731,U025,R034,click,2026-07-28 03:28:40
I00732,U025,R069,view,2026-03-10 14:39:37
I00733,U025,R069,click,2026-03-10 15:57:37
I00734,U025,R057,view,2026-06-01 02:40:44
I00735,U025,R057,click,2026-06-01 05:35:44
I00736,U025,R054,view,2026-02-26 00:37:07
I00737,U025,R054,click,2026-02-26 02:53:07
I00738,U025,R054,like,2026-02-26 04:16:07
I00739,U025,R054,save,2026-02-26 07:16:07
I00740,U025,R084,view,2026-01-02 13:59:10
I00741,U025,R084,click,2026-01-02 14:58:10
I00742,U025,R084,save,2026-01-02 16:16:10
I00743,U025,R025,view,2025-10-23 09:05:38
I00744,U025,R037,view,2026-01-08 00:43:54
I00745,U025,R037,click,2026-01-08 01:37:54
I00746,U025,R029,view,2026-03-24 16:19:01
I00747,U025,R094,view,2026-05-23 03:38:26
I00748,U025,R094,click,2026-05-23 03:50:26
I00749,U025,R094,save,2026-05-23 04:10:26
I00750,U025,R094,visit,2026-05-23 05:00:26
I00751,U026,R085,view,2026-02-25 20:01:28
I00752,U026,R085,click,2026-02-25 22:02:28
I00753,U026,R030,view,2026-03-30 23:28:21
I00754,U026,R030,click,2026-03-30 23:55:21
I00755,U026,R030,like,2026-03-31 01:57:21
I00756,U026,R030,save,2026-03-31 03:20:21
I00757,U026,R097,view,2025-11-26 16:05:53
I00758,U026,R097,click,2025-11-26 16:11:53
I00759,U026,R003,view,2025-12-16 04:38:23
I00760,U026,R003,click,2025-12-16 06:04:23
I00761,U026,R093,view,2026-06-23 23:13:59
I00762,U026,R093,click,2026-06-24 00:41:59
I00763,U026,R098,view,2026-04-08 18:16:43
I00764,U026,R013,view,2026-05-01 06:10:51
I00765,U026,R013,click,2026-05-01 08:17:51
I00766,U026,R013,like,2026-05-01 09:06:51
I00767,U026,R013,visit,2026-05-01 11:26:51
I00768,U026,R013,rating,2026-05-01 14:12:51
I00769,U026,R100,view,2025-10-19 20:11:12
I00770,U026,R100,click,2025-10-19 20:14:12
I00771,U026,R100,save,2025-10-19 22:01:12
I00772,U026,R046,view,2025-12-29 21:06:56
I00773,U026,R023,view,2026-06-16 22:36:16
I00774,U026,R023,click,2026-06-17 01:15:16
I00775,U026,R023,like,2026-06-17 03:20:16
I00776,U026,R023,visit,2026-06-17 06:10:16
I00777,U026,R023,rating,2026-06-17 08:16:16
I00778,U026,R059,view,2026-01-15 16:46:09
I00779,U026,R059,click,2026-01-15 19:05:09
I00780,U026,R059,save,2026-01-15 20:20:09
I00781,U027,R053,view,2025-11-01 07:24:14
I00782,U027,R053,click,2025-11-01 10:13:14
I00783,U027,R026,view,2025-11-06 07:29:16
I00784,U027,R064,view,2026-04-13 03:01:04
I00785,U027,R064,click,2026-04-13 04:54:04
I00786,U027,R064,save,2026-04-13 07:41:04
I00787,U027,R064,visit,2026-04-13 09:07:04
I00788,U027,R064,rating,2026-04-13 11:33:04
I00789,U027,R027,view,2025-10-17 12:36:40
I00790,U027,R040,view,2025-10-19 01:59:20
I00791,U027,R040,click,2025-10-19 02:20:20
I00792,U027,R082,view,2026-09-15 06:11:31
I00793,U027,R008,view,2025-10-13 18:40:00
I00794,U027,R098,view,2026-01-31 03:12:35
I00795,U027,R047,view,2026-05-16 23:34:23
I00796,U028,R056,view,2026-05-24 00:34:53
I00797,U028,R056,click,2026-05-24 03:13:53
I00798,U028,R056,like,2026-05-24 05:47:53
I00799,U028,R056,save,2026-05-24 07:30:53
I00800,U028,R056,visit,2026-05-24 08:55:53
I00801,U028,R056,rating,2026-05-24 09:04:53
I00802,U028,R057,view,2026-02-23 19:13:59
I00803,U028,R057,click,2026-02-23 21:05:59
I00804,U028,R086,view,2026-06-14 13:54:30
I00805,U028,R069,view,2025-11-01 20:38:58
I00806,U028,R069,click,2025-11-01 21:48:58
I00807,U028,R051,view,2025-11-05 13:01:56
I00808,U028,R051,click,2025-11-05 13:04:56
I00809,U028,R051,save,2025-11-05 14:24:56
I00810,U028,R051,visit,2025-11-05 16:19:56
I00811,U028,R051,rating,2025-11-05 17:53:56
I00812,U028,R036,view,2026-04-18 00:17:41
I00813,U028,R036,click,2026-04-18 02:03:41
I00814,U028,R036,like,2026-04-18 02:31:41
I00815,U028,R076,view,2026-09-01 10:26:12
I00816,U028,R076,click,2026-09-01 12:06:12
I00817,U028,R081,view,2026-09-17 13:08:45
I00818,U028,R081,click,2026-09-17 14:12:45
I00819,U028,R081,like,2026-09-17 16:40:45
I00820,U028,R081,save,2026-09-17 18:55:45
I00821,U028,R070,view,2025-12-04 22:29:09
I00822,U028,R070,click,2025-12-05 00:22:09
I00823,U028,R070,like,2025-12-05 01:34:09
I00824,U028,R070,save,2025-12-05 03:23:09
I00825,U028,R070,visit,2025-12-05 04:41:09
I00826,U028,R070,rating,2025-12-05 06:46:09
I00827,U028,R005,view,2026-05-28 11:46:11
I00828,U028,R005,click,2026-05-28 12:38:11
I00829,U029,R001,view,2026-04-05 00:41:39
I00830,U029,R043,view,2026-06-03 19:04:42
I00831,U029,R043,click,2026-06-03 21:11:42
I00832,U029,R087,view,2026-02-04 13:28:47
I00833,U029,R041,view,2025-12-17 14:16:17
I00834,U029,R041,click,2025-12-17 16:49:17
I00835,U029,R090,view,2026-07-03 02:27:34
I00836,U029,R090,click,2026-07-03 03:22:34
I00837,U029,R090,save,2026-07-03 05:16:34
I00838,U029,R047,view,2025-10-27 20:36:19
I00839,U029,R046,view,2025-11-24 01:14:36
I00840,U029,R085,view,2026-02-24 09:48:32
I00841,U029,R085,click,2026-02-24 10:08:32
I00842,U029,R085,like,2026-02-24 12:04:32
I00843,U029,R085,save,2026-02-24 14:39:32
I00844,U029,R069,view,2026-04-26 12:39:54
I00845,U029,R063,view,2026-09-03 17:34:25
I00846,U029,R029,view,2026-08-12 11:09:23
I00847,U029,R029,click,2026-08-12 13:28:23
I00848,U029,R029,like,2026-08-12 16:02:23
I00849,U029,R064,view,2025-11-12 11:23:48
I00850,U030,R098,view,2025-11-03 08:13:29
I00851,U030,R098,click,2025-11-03 08:44:29
I00852,U030,R098,visit,2025-11-03 09:22:29
I00853,U030,R035,view,2026-04-03 22:09:23
I00854,U030,R035,click,2026-04-03 22:35:23
I00855,U030,R035,like,2026-04-04 00:29:23
I00856,U030,R035,save,2026-04-04 03:29:23
I00857,U030,R082,view,2026-06-09 15:31:02
I00858,U030,R082,click,2026-06-09 16:00:02
I00859,U030,R082,like,2026-06-09 18:55:02
I00860,U030,R082,visit,2026-06-09 19:39:02
I00861,U030,R009,view,2026-03-29 10:39:24
I00862,U030,R009,click,2026-03-29 11:40:24
I00863,U030,R008,view,2026-07-14 08:57:27
I00864,U030,R008,click,2026-07-14 11:36:27
I00865,U030,R008,like,2026-07-14 12:28:27
I00866,U030,R025,view,2026-08-11 01:54:28
I00867,U030,R025,click,2026-08-11 02:12:28
I00868,U030,R025,visit,2026-08-11 04:41:28
I00869,U030,R075,view,2026-06-18 11:23:25
I00870,U030,R075,click,2026-06-18 13:30:25
I00871,U030,R075,like,2026-06-18 15:47:25
I00872,U030,R075,save,2026-06-18 18:32:25
I00873,U030,R075,visit,2026-06-18 19:54:25
I00874,U030,R075,rating,2026-06-18 22:28:25
I00875,U030,R058,view,2026-05-28 18:14:14
I00876,U030,R058,click,2026-05-28 19:00:14
I00877,U030,R058,save,2026-05-28 21:54:14
I00878,U030,R068,view,2026-05-18 04:46:04
I00879,U030,R023,view,2026-01-30 15:06:09
I00880,U030,R039,view,2026-05-20 15:05:29
I00881,U030,R039,click,2026-05-20 15:42:29
I00882,U030,R039,like,2026-05-20 18:11:29
I00883,U030,R039,visit,2026-05-20 19:51:29
I00884,U030,R039,rating,2026-05-20 21:41:29
I00885,U030,R047,view,2025-12-07 06:39:55
I00886,U030,R047,click,2025-12-07 09:03:55
I00887,U030,R047,like,2025-12-07 09:47:55
I00888,U030,R069,view,2026-09-02 03:15:06
I00889,U030,R069,click,2026-09-02 04:48:06
I00890,U030,R069,like,2026-09-02 04:52:06
I00891,U030,R070,view,2026-04-11 05:27:12
I00892,U030,R070,click,2026-04-11 07:13:12
I00893,U031,R020,view,2026-04-29 12:12:37
I00894,U031,R058,view,2026-03-21 09:50:04
I00895,U031,R081,view,2026-01-05 03:09:43
I00896,U031,R081,click,2026-01-05 04:27:43
I00897,U031,R081,like,2026-01-05 04:37:43
I00898,U031,R023,view,2025-11-15 14:07:01
I00899,U031,R023,click,2025-11-15 15:09:01
I00900,U031,R023,save,2025-11-15 16:04:01
I00901,U031,R006,view,2026-08-31 09:33:19
I00902,U031,R025,view,2025-12-04 11:03:38
I00903,U031,R033,view,2026-01-18 03:54:08
I00904,U031,R033,click,2026-01-18 06:28:08
I00905,U031,R033,like,2026-01-18 08:47:08
I00906,U031,R033,save,2026-01-18 09:32:08
I00907,U031,R033,visit,2026-01-18 10:56:08
I00908,U031,R033,rating,2026-01-18 12:12:08
I00909,U031,R079,view,2026-08-13 14:02:12
I00910,U031,R079,click,2026-08-13 14:28:12
I00911,U031,R061,view,2026-08-02 03:10:16
I00912,U031,R078,view,2026-01-16 16:50:33
I00913,U031,R052,view,2026-08-18 18:00:36
I00914,U031,R052,click,2026-08-18 19:05:36
I00915,U031,R052,save,2026-08-18 22:00:36
I00916,U031,R054,view,2026-06-04 01:50:19
I00917,U031,R054,click,2026-06-04 02:15:19
I00918,U031,R054,save,2026-06-04 04:00:19
I00919,U031,R054,visit,2026-06-04 06:13:19
I00920,U031,R054,rating,2026-06-04 07:26:19
I00921,U031,R062,view,2026-02-21 07:59:33
I00922,U031,R029,view,2026-02-05 02:33:25
I00923,U031,R056,view,2026-03-28 01:03:24
I00924,U031,R056,click,2026-03-28 03:47:24
I00925,U032,R098,view,2025-12-01 08:30:47
I00926,U032,R098,click,2025-12-01 10:24:47
I00927,U032,R098,visit,2025-12-01 12:22:47
I00928,U032,R079,view,2026-03-16 03:22:42
I00929,U032,R048,view,2026-09-19 04:17:22
I00930,U032,R032,view,2026-01-26 05:35:25
I00931,U032,R027,view,2026-09-06 10:27:28
I00932,U032,R056,view,2026-06-10 00:17:27
I00933,U032,R056,click,2026-06-10 01:01:27
I00934,U032,R056,like,2026-06-10 01:16:27
I00935,U032,R056,save,2026-06-10 02:59:27
I00936,U032,R012,view,2026-07-01 06:56:28
I00937,U032,R012,click,2026-07-01 07:22:28
I00938,U032,R012,save,2026-07-01 07:24:28
I00939,U032,R083,view,2025-10-04 14:33:38
I00940,U032,R083,click,2025-10-04 14:37:38
I00941,U032,R083,like,2025-10-04 17:37:38
I00942,U032,R083,save,2025-10-04 19:06:38
I00943,U032,R075,view,2026-03-14 00:15:04
I00944,U032,R088,view,2025-11-09 18:41:25
I00945,U032,R088,click,2025-11-09 19:09:25
I00946,U032,R088,like,2025-11-09 20:31:25
I00947,U032,R070,view,2025-11-21 17:00:46
I00948,U032,R070,click,2025-11-21 19:46:46
I00949,U032,R070,like,2025-11-21 22:41:46
I00950,U033,R061,view,2026-02-14 12:32:58
I00951,U033,R061,click,2026-02-14 14:23:58
I00952,U033,R061,save,2026-02-14 15:45:58
I00953,U033,R061,visit,2026-02-14 16:22:58
I00954,U033,R018,view,2026-05-24 23:10:41
I00955,U033,R018,click,2026-05-25 00:24:41
I00956,U033,R018,like,2026-05-25 03:22:41
I00957,U033,R037,view,2026-06-13 16:46:58
I00958,U033,R022,view,2026-06-08 22:44:19
I00959,U033,R022,click,2026-06-08 22:59:19
I00960,U033,R022,save,2026-06-09 00:02:19
I00961,U033,R075,view,2025-10-05 16:28:21
I00962,U033,R075,click,2025-10-05 18:02:21
I00963,U033,R075,like,2025-10-05 19:25:21
I00964,U033,R075,visit,2025-10-05 20:00:21
I00965,U033,R092,view,2026-05-09 17:41:21
I00966,U033,R062,view,2026-07-27 04:20:28
I00967,U033,R062,click,2026-07-27 04:40:28
I00968,U033,R046,view,2026-08-03 12:42:57
I00969,U033,R046,click,2026-08-03 14:25:57
I00970,U033,R046,like,2026-08-03 16:36:57
I00971,U033,R046,save,2026-08-03 17:51:57
I00972,U034,R011,view,2026-03-18 17:40:50
I00973,U034,R011,click,2026-03-18 18:11:50
I00974,U034,R011,visit,2026-03-18 20:09:50
I00975,U034,R011,rating,2026-03-18 22:47:50
I00976,U034,R057,view,2025-11-23 06:54:23
I00977,U034,R057,click,2025-11-23 06:58:23
I00978,U034,R057,visit,2025-11-23 07:41:23
I00979,U034,R057,rating,2025-11-23 09:50:23
I00980,U034,R064,view,2026-07-31 08:36:11
I00981,U034,R064,click,2026-07-31 09:46:11
I00982,U034,R064,visit,2026-07-31 10:18:11
I00983,U034,R064,rating,2026-07-31 10:27:11
I00984,U034,R028,view,2026-05-12 22:46:59
I00985,U034,R028,click,2026-05-13 01:28:59
I00986,U034,R028,like,2026-05-13 01:49:59
I00987,U034,R028,save,2026-05-13 03:58:59
I00988,U034,R032,view,2026-07-28 07:56:53
I00989,U034,R032,click,2026-07-28 08:24:53
I00990,U034,R032,like,2026-07-28 10:52:53
I00991,U034,R032,visit,2026-07-28 13:46:53
I00992,U034,R032,rating,2026-07-28 14:17:53
I00993,U034,R055,view,2026-02-19 08:30:24
I00994,U034,R055,click,2026-02-19 10:10:24
I00995,U034,R055,like,2026-02-19 10:50:24
I00996,U034,R055,visit,2026-02-19 11:37:24
I00997,U034,R055,rating,2026-02-19 11:48:24
I00998,U034,R021,view,2026-07-07 17:34:12
I00999,U034,R021,click,2026-07-07 18:57:12
I01000,U034,R021,visit,2026-07-07 20:08:12
I01001,U034,R021,rating,2026-07-07 20:29:12
I01002,U034,R084,view,2025-10-18 20:05:07
I01003,U034,R084,click,2025-10-18 21:49:07
I01004,U034,R084,visit,2025-10-18 22:08:07
I01005,U034,R059,view,2026-07-28 09:47:55
I01006,U034,R042,view,2026-05-07 23:03:34
I01007,U034,R042,click,2026-05-08 00:22:34
I01008,U034,R042,save,2026-05-08 03:03:34
I01009,U034,R069,view,2025-12-15 21:28:08
I01010,U034,R069,click,2025-12-15 23:49:08
I01011,U034,R086,view,2026-06-04 23:24:27
I01012,U034,R086,click,2026-06-05 02:23:27
I01013,U034,R086,save,2026-06-05 02:27:27
I01014,U034,R073,view,2025-11-10 08:52:30
I01015,U034,R073,click,2025-11-10 09:46:30
I01016,U034,R008,view,2026-03-13 00:58:02
I01017,U035,R009,view,2026-03-18 22:20:03
I01018,U035,R093,view,2025-12-31 22:52:21
I01019,U035,R091,view,2026-07-13 13:59:07
I01020,U035,R091,click,2026-07-13 15:24:07
I01021,U035,R091,like,2026-07-13 16:47:07
I01022,U035,R051,view,2026-05-16 01:52:26
I01023,U035,R051,click,2026-05-16 02:21:26
I01024,U035,R051,like,2026-05-16 03:02:26
I01025,U035,R070,view,2026-07-27 04:03:32
I01026,U035,R070,click,2026-07-27 04:58:32
I01027,U035,R037,view,2026-08-17 22:28:55
I01028,U035,R037,click,2026-08-18 01:28:55
I01029,U035,R037,like,2026-08-18 04:04:55
I01030,U035,R037,save,2026-08-18 04:16:55
I01031,U035,R037,visit,2026-08-18 05:13:55
I01032,U035,R099,view,2026-01-25 01:23:50
I01033,U035,R099,click,2026-01-25 02:31:50
I01034,U035,R099,visit,2026-01-25 03:17:50
I01035,U035,R099,rating,2026-01-25 03:26:50
I01036,U035,R007,view,2026-05-04 21:51:52
I01037,U035,R008,view,2026-08-19 11:37:51
I01038,U035,R008,click,2026-08-19 12:35:51
I01039,U035,R008,visit,2026-08-19 13:10:51
I01040,U035,R008,rating,2026-08-19 14:02:51
I01041,U035,R013,view,2026-01-09 12:22:59
I01042,U035,R013,click,2026-01-09 12:43:59
I01043,U035,R082,view,2025-12-16 19:10:00
I01044,U035,R005,view,2026-02-06 18:16:08
I01045,U035,R005,click,2026-02-06 18:49:08
I01046,U035,R005,like,2026-02-06 19:01:08
I01047,U036,R084,view,2025-10-24 16:21:58
I01048,U036,R040,view,2026-04-23 04:56:32
I01049,U036,R040,click,2026-04-23 06:01:32
I01050,U036,R040,like,2026-04-23 08:44:32
I01051,U036,R040,save,2026-04-23 11:05:32
I01052,U036,R003,view,2026-07-31 15:58:59
I01053,U036,R071,view,2026-07-31 11:30:11
I01054,U036,R018,view,2025-10-11 02:55:28
I01055,U036,R018,click,2025-10-11 04:18:28
I01056,U036,R024,view,2026-04-24 14:39:59
I01057,U036,R024,click,2026-04-24 16:12:59
I01058,U036,R024,visit,2026-04-24 18:43:59
I01059,U036,R021,view,2025-11-08 21:19:10
I01060,U036,R032,view,2025-10-22 17:06:23
I01061,U036,R032,click,2025-10-22 18:04:23
I01062,U036,R032,like,2025-10-22 20:33:23
I01063,U036,R091,view,2026-08-10 02:25:26
I01064,U036,R091,click,2026-08-10 05:25:26
I01065,U036,R091,visit,2026-08-10 06:58:26
I01066,U036,R091,rating,2026-08-10 09:31:26
I01067,U036,R004,view,2026-02-14 13:54:54
I01068,U036,R063,view,2026-05-07 16:33:18
I01069,U036,R028,view,2026-08-11 17:29:10
I01070,U036,R034,view,2025-10-08 17:44:32
I01071,U036,R034,click,2025-10-08 20:00:32
I01072,U036,R034,like,2025-10-08 22:04:32
I01073,U036,R034,save,2025-10-08 22:06:32
I01074,U036,R034,visit,2025-10-08 23:32:32
I01075,U036,R034,rating,2025-10-09 02:11:32
I01076,U036,R045,view,2026-02-10 08:06:16
I01077,U037,R058,view,2026-08-04 12:30:26
I01078,U037,R058,click,2026-08-04 15:15:26
I01079,U037,R058,like,2026-08-04 17:21:26
I01080,U037,R058,save,2026-08-04 20:09:26
I01081,U037,R094,view,2026-08-02 15:17:42
I01082,U037,R094,click,2026-08-02 16:50:42
I01083,U037,R079,view,2026-01-23 09:05:59
I01084,U037,R079,click,2026-01-23 09:39:59
I01085,U037,R086,view,2026-06-30 15:11:34
I01086,U037,R087,view,2026-08-11 02:37:36
I01087,U037,R087,click,2026-08-11 05:15:36
I01088,U037,R087,visit,2026-08-11 06:13:36
I01089,U037,R087,rating,2026-08-11 08:58:36
I01090,U037,R097,view,2026-02-02 02:07:47
I01091,U037,R097,click,2026-02-02 02:51:47
I01092,U037,R097,like,2026-02-02 05:35:47
I01093,U037,R097,save,2026-02-02 05:59:47
I01094,U037,R097,visit,2026-02-02 08:52:47
I01095,U037,R097,rating,2026-02-02 11:37:47
I01096,U037,R033,view,2025-11-11 22:57:19
I01097,U037,R033,click,2025-11-11 22:59:19
I01098,U037,R033,like,2025-11-11 23:13:19
I01099,U037,R033,visit,2025-11-12 00:53:19
I01100,U037,R033,rating,2025-11-12 02:47:19
I01101,U037,R093,view,2026-09-09 12:37:19
I01102,U037,R036,view,2026-09-01 13:32:11
I01103,U037,R036,click,2026-09-01 16:01:11
I01104,U037,R036,like,2026-09-01 18:49:11
I01105,U037,R036,visit,2026-09-01 21:46:11
I01106,U037,R036,rating,2026-09-01 22:45:11
I01107,U037,R011,view,2025-11-10 16:06:29
I01108,U037,R011,click,2025-11-10 16:26:29
I01109,U037,R011,save,2025-11-10 17:55:29
I01110,U037,R011,visit,2025-11-10 18:40:29
I01111,U037,R011,rating,2025-11-10 20:18:29
I01112,U038,R060,view,2026-05-11 01:16:51
I01113,U038,R060,click,2026-05-11 03:38:51
I01114,U038,R060,like,2026-05-11 05:45:51
I01115,U038,R060,save,2026-05-11 06:26:51
I01116,U038,R060,visit,2026-05-11 06:41:51
I01117,U038,R060,rating,2026-05-11 08:15:51
I01118,U038,R063,view,2025-12-17 13:06:14
I01119,U038,R063,click,2025-12-17 13:32:14
I01120,U038,R063,like,2025-12-17 13:40:14
I01121,U038,R049,view,2026-01-28 18:03:43
I01122,U038,R049,click,2026-01-28 19:46:43
I01123,U038,R049,like,2026-01-28 21:48:43
I01124,U038,R049,save,2026-01-28 23:55:43
I01125,U038,R005,view,2025-12-12 11:04:44
I01126,U038,R005,click,2025-12-12 13:00:44
I01127,U038,R005,save,2025-12-12 13:13:44
I01128,U038,R005,visit,2025-12-12 14:22:44
I01129,U038,R005,rating,2025-12-12 16:16:44
I01130,U038,R096,view,2025-11-07 13:20:01
I01131,U038,R096,click,2025-11-07 13:43:01
I01132,U038,R096,visit,2025-11-07 16:36:01
I01133,U038,R096,rating,2025-11-07 18:06:01
I01134,U038,R020,view,2026-04-21 22:49:11
I01135,U038,R020,click,2026-04-22 00:38:11
I01136,U038,R020,save,2026-04-22 02:57:11
I01137,U038,R020,visit,2026-04-22 05:54:11
I01138,U038,R020,rating,2026-04-22 07:57:11
I01139,U038,R089,view,2026-04-03 23:05:10
I01140,U038,R019,view,2026-09-15 16:50:58
I01141,U038,R019,click,2026-09-15 19:04:58
I01142,U038,R012,view,2025-12-07 03:20:55
I01143,U038,R012,click,2025-12-07 04:04:55
I01144,U038,R012,save,2025-12-07 05:00:55
I01145,U038,R026,view,2026-08-16 10:51:08
I01146,U038,R026,click,2026-08-16 13:33:08
I01147,U038,R025,view,2026-01-09 03:40:30
I01148,U038,R073,view,2026-08-10 12:59:18
I01149,U038,R076,view,2026-04-20 19:50:41
I01150,U038,R076,click,2026-04-20 21:49:41
I01151,U039,R041,view,2026-04-07 13:58:41
I01152,U039,R041,click,2026-04-07 16:26:41
I01153,U039,R041,like,2026-04-07 19:03:41
I01154,U039,R014,view,2026-06-27 09:23:29
I01155,U039,R014,click,2026-06-27 11:07:29
I01156,U039,R014,like,2026-06-27 11:18:29
I01157,U039,R014,save,2026-06-27 13:01:29
I01158,U039,R060,view,2026-02-09 05:08:24
I01159,U039,R060,click,2026-02-09 06:27:24
I01160,U039,R060,like,2026-02-09 07:48:24
I01161,U039,R060,visit,2026-02-09 09:01:24
I01162,U039,R060,rating,2026-02-09 11:08:24
I01163,U039,R077,view,2026-07-28 14:29:27
I01164,U039,R077,click,2026-07-28 15:53:27
I01165,U039,R077,save,2026-07-28 17:03:27
I01166,U039,R077,visit,2026-07-28 18:51:27
I01167,U039,R096,view,2026-07-15 18:06:21
I01168,U039,R096,click,2026-07-15 20:12:21
I01169,U039,R096,like,2026-07-15 22:26:21
I01170,U039,R096,save,2026-07-16 00:03:21
I01171,U039,R091,view,2025-11-22 16:20:52
I01172,U039,R091,click,2025-11-22 18:36:52
I01173,U039,R091,like,2025-11-22 21:03:52
I01174,U039,R053,view,2025-10-20 15:14:47
I01175,U039,R053,click,2025-10-20 16:48:47
I01176,U039,R053,save,2025-10-20 17:40:47
I01177,U039,R053,visit,2025-10-20 18:52:47
I01178,U039,R053,rating,2025-10-20 20:28:47
I01179,U039,R010,view,2026-06-04 18:26:55
I01180,U039,R026,view,2026-09-04 01:28:07
I01181,U039,R026,click,2026-09-04 03:31:07
I01182,U039,R026,like,2026-09-04 06:03:07
I01183,U040,R075,view,2026-06-09 09:56:24
I01184,U040,R075,click,2026-06-09 10:42:24
I01185,U040,R075,visit,2026-06-09 13:17:24
I01186,U040,R068,view,2026-07-03 11:47:26
I01187,U040,R068,click,2026-07-03 14:33:26
I01188,U040,R029,view,2026-06-20 23:55:32
I01189,U040,R029,click,2026-06-21 02:10:32
I01190,U040,R029,like,2026-06-21 04:51:32
I01191,U040,R029,save,2026-06-21 06:34:32
I01192,U040,R029,visit,2026-06-21 09:05:32
I01193,U040,R029,rating,2026-06-21 09:33:32
I01194,U040,R041,view,2026-06-09 09:39:57
I01195,U040,R041,click,2026-06-09 12:13:57
I01196,U040,R018,view,2026-01-16 09:00:38
I01197,U040,R018,click,2026-01-16 11:45:38
I01198,U040,R058,view,2026-01-25 00:56:06
I01199,U040,R058,click,2026-01-25 01:46:06
I01200,U040,R058,like,2026-01-25 02:26:06
I01201,U040,R099,view,2026-05-22 00:42:56
I01202,U040,R099,click,2026-05-22 02:27:56
I01203,U040,R086,view,2026-01-23 19:14:05
I01204,U040,R086,click,2026-01-23 20:22:05
I01205,U040,R086,like,2026-01-23 22:11:05
I01206,U040,R086,save,2026-01-23 23:56:05
I01207,U040,R062,view,2026-02-11 06:32:55
I01208,U040,R062,click,2026-02-11 07:30:55
I01209,U040,R065,view,2026-04-16 00:31:01
I01210,U040,R065,click,2026-04-16 01:49:01
I01211,U040,R026,view,2026-09-06 09:31:24
I01212,U040,R042,view,2026-08-10 22:18:39
I01213,U040,R042,click,2026-08-11 00:43:39
I01214,U040,R042,like,2026-08-11 01:31:39
I01215,U040,R042,save,2026-08-11 04:27:39
I01216,U041,R072,view,2026-02-26 05:24:53
I01217,U041,R072,click,2026-02-26 07:41:53
I01218,U041,R031,view,2026-02-11 01:54:53
I01219,U041,R031,click,2026-02-11 03:40:53
I01220,U041,R031,save,2026-02-11 06:07:53
I01221,U041,R078,view,2025-12-08 16:07:17
I01222,U041,R078,click,2025-12-08 17:29:17
I01223,U041,R078,save,2025-12-08 20:13:17
I01224,U041,R078,visit,2025-12-08 20:29:17
I01225,U041,R078,rating,2025-12-08 20:32:17
I01226,U041,R034,view,2026-04-09 03:11:21
I01227,U041,R034,click,2026-04-09 03:35:21
I01228,U041,R034,save,2026-04-09 04:10:21
I01229,U041,R025,view,2025-10-02 19:31:10
I01230,U041,R025,click,2025-10-02 19:42:10
I01231,U041,R025,like,2025-10-02 22:00:10
I01232,U041,R030,view,2026-04-25 05:35:37
I01233,U041,R030,click,2026-04-25 06:25:37
I01234,U041,R084,view,2026-02-11 17:34:21
I01235,U041,R084,click,2026-02-11 18:55:21
I01236,U041,R084,save,2026-02-11 19:30:21
I01237,U041,R049,view,2026-01-24 19:26:47
I01238,U041,R049,click,2026-01-24 20:42:47
I01239,U041,R049,save,2026-01-24 22:40:47
I01240,U041,R087,view,2026-02-11 02:30:05
I01241,U041,R087,click,2026-02-11 04:37:05
I01242,U041,R087,like,2026-02-11 06:10:05
I01243,U041,R058,view,2025-11-20 22:55:35
I01244,U041,R058,click,2025-11-20 23:51:35
I01245,U041,R058,visit,2025-11-20 23:58:35
I01246,U041,R058,rating,2025-11-21 02:30:35
I01247,U041,R096,view,2026-01-08 08:07:40
I01248,U041,R096,click,2026-01-08 10:25:40
I01249,U041,R096,visit,2026-01-08 13:06:40
I01250,U042,R072,view,2025-11-23 06:27:24
I01251,U042,R072,click,2025-11-23 08:16:24
I01252,U042,R072,visit,2025-11-23 08:44:24
I01253,U042,R045,view,2025-11-15 17:21:56
I01254,U042,R040,view,2026-01-11 03:16:51
I01255,U042,R040,click,2026-01-11 05:31:51
I01256,U042,R040,like,2026-01-11 06:24:51
I01257,U042,R055,view,2026-01-23 16:52:21
I01258,U042,R050,view,2026-02-06 09:26:56
I01259,U042,R050,click,2026-02-06 10:28:56
I01260,U042,R050,like,2026-02-06 10:30:56
I01261,U042,R050,save,2026-02-06 10:35:56
I01262,U042,R019,view,2025-11-04 23:37:52
I01263,U042,R019,click,2025-11-05 01:49:52
I01264,U042,R019,like,2025-11-05 02:10:52
I01265,U042,R075,view,2026-06-08 05:39:15
I01266,U042,R067,view,2026-01-23 23:07:36
I01267,U043,R090,view,2026-02-05 15:20:27
I01268,U043,R087,view,2026-02-22 17:05:24
I01269,U043,R087,click,2026-02-22 18:34:24
I01270,U043,R087,save,2026-02-22 19:22:24
I01271,U043,R039,view,2026-08-07 15:35:59
I01272,U043,R039,click,2026-08-07 17:24:59
I01273,U043,R039,save,2026-08-07 20:12:59
I01274,U043,R039,visit,2026-08-07 20:56:59
I01275,U043,R069,view,2025-11-10 06:40:34
I01276,U043,R069,click,2025-11-10 08:28:34
I01277,U043,R046,view,2026-07-30 14:20:15
I01278,U043,R046,click,2026-07-30 15:53:15
I01279,U043,R014,view,2025-11-20 17:47:45
I01280,U043,R014,click,2025-11-20 19:52:45
I01281,U043,R086,view,2026-01-31 00:54:35
I01282,U043,R086,click,2026-01-31 00:59:35
I01283,U043,R086,save,2026-01-31 03:54:35
I01284,U043,R094,view,2026-06-18 03:24:06
I01285,U043,R094,click,2026-06-18 04:52:06
I01286,U043,R002,view,2026-01-05 12:54:19
I01287,U043,R002,click,2026-01-05 14:59:19
I01288,U043,R002,save,2026-01-05 16:29:19
I01289,U043,R019,view,2026-05-27 00:46:21
I01290,U043,R019,click,2026-05-27 01:01:21
I01291,U043,R019,like,2026-05-27 01:05:21
I01292,U044,R085,view,2025-11-09 20:42:18
I01293,U044,R085,click,2025-11-09 22:27:18
I01294,U044,R085,like,2025-11-10 00:14:18
I01295,U044,R088,view,2026-05-29 10:06:53
I01296,U044,R088,click,2026-05-29 12:51:53
I01297,U044,R088,like,2026-05-29 14:10:53
I01298,U044,R088,save,2026-05-29 16:22:53
I01299,U044,R010,view,2025-10-22 01:52:53
I01300,U044,R010,click,2025-10-22 02:51:53
I01301,U044,R050,view,2026-02-19 02:09:02
I01302,U044,R050,click,2026-02-19 04:06:02
I01303,U044,R026,view,2026-06-04 02:09:00
I01304,U044,R026,click,2026-06-04 03:25:00
I01305,U044,R026,save,2026-06-04 05:47:00
I01306,U044,R097,view,2026-08-16 04:05:29
I01307,U044,R097,click,2026-08-16 05:51:29
I01308,U044,R097,like,2026-08-16 06:20:29
I01309,U044,R006,view,2025-12-12 20:01:52
I01310,U044,R024,view,2026-03-02 14:03:38
I01311,U044,R064,view,2026-07-31 11:21:57
I01312,U044,R042,view,2025-11-11 20:26:58
I01313,U044,R025,view,2026-03-27 15:09:50
I01314,U044,R025,click,2026-03-27 17:59:50
I01315,U044,R025,visit,2026-03-27 20:31:50
I01316,U044,R048,view,2026-08-22 18:19:58
I01317,U044,R048,click,2026-08-22 20:50:58
I01318,U044,R048,visit,2026-08-22 22:55:58
I01319,U044,R079,view,2026-09-19 11:30:22
I01320,U044,R046,view,2025-12-07 10:32:16
I01321,U044,R083,view,2026-03-12 14:14:17
I01322,U044,R083,click,2026-03-12 16:51:17
I01323,U044,R083,visit,2026-03-12 19:50:17
I01324,U045,R046,view,2026-01-21 20:23:49
I01325,U045,R013,view,2025-12-09 01:20:04
I01326,U045,R013,click,2025-12-09 03:30:04
I01327,U045,R043,view,2026-02-03 04:48:44
I01328,U045,R069,view,2026-05-07 08:49:53
I01329,U045,R075,view,2026-09-13 03:26:05
I01330,U045,R075,click,2026-09-13 05:44:05
I01331,U045,R031,view,2025-10-21 14:36:05
I01332,U045,R031,click,2025-10-21 17:29:05
I01333,U045,R031,like,2025-10-21 17:45:05
I01334,U045,R031,save,2025-10-21 18:38:05
I01335,U045,R031,visit,2025-10-21 19:48:05
I01336,U045,R031,rating,2025-10-21 20:31:05
I01337,U045,R068,view,2025-12-19 05:25:34
I01338,U045,R068,click,2025-12-19 07:45:34
I01339,U045,R068,like,2025-12-19 07:55:34
I01340,U045,R068,save,2025-12-19 09:28:34
I01341,U045,R086,view,2026-07-16 07:47:17
I01342,U045,R086,click,2026-07-16 10:34:17
I01343,U045,R070,view,2026-06-27 02:37:56
I01344,U045,R070,click,2026-06-27 05:29:56
I01345,U045,R094,view,2026-02-28 12:16:16
I01346,U045,R062,view,2026-06-24 02:02:57
I01347,U045,R019,view,2025-10-21 21:28:22
I01348,U046,R091,view,2026-03-16 09:58:56
I01349,U046,R091,click,2026-03-16 11:11:56
I01350,U046,R091,like,2026-03-16 13:35:56
I01351,U046,R069,view,2026-07-03 14:47:01
I01352,U046,R069,click,2026-07-03 15:28:01
I01353,U046,R069,save,2026-07-03 15:40:01
I01354,U046,R062,view,2026-05-20 19:19:40
I01355,U046,R073,view,2026-05-02 15:51:52
I01356,U046,R073,click,2026-05-02 17:24:52
I01357,U046,R073,visit,2026-05-02 17:44:52
I01358,U046,R051,view,2025-12-01 21:26:26
I01359,U046,R051,click,2025-12-01 23:14:26
I01360,U046,R055,view,2026-02-18 02:52:46
I01361,U046,R055,click,2026-02-18 04:09:46
I01362,U046,R055,like,2026-02-18 05:06:46
I01363,U046,R055,save,2026-02-18 07:46:46
I01364,U046,R055,visit,2026-02-18 10:03:46
I01365,U046,R055,rating,2026-02-18 12:06:46
I01366,U046,R075,view,2026-06-10 03:54:56
I01367,U046,R098,view,2026-05-30 05:22:01
I01368,U046,R098,click,2026-05-30 06:26:01
I01369,U046,R098,like,2026-05-30 06:38:01
I01370,U046,R098,save,2026-05-30 09:34:01
I01371,U046,R024,view,2026-07-09 03:56:30
I01372,U046,R024,click,2026-07-09 05:10:30
I01373,U046,R024,save,2026-07-09 05:18:30
I01374,U046,R015,view,2026-09-14 20:35:29
I01375,U046,R015,click,2026-09-14 23:23:29
I01376,U046,R015,like,2026-09-15 00:14:29
I01377,U046,R015,visit,2026-09-15 01:38:29
I01378,U046,R015,rating,2026-09-15 03:51:29
I01379,U046,R066,view,2025-12-05 00:13:57
I01380,U047,R089,view,2026-05-05 17:43:18
I01381,U047,R089,click,2026-05-05 18:03:18
I01382,U047,R089,save,2026-05-05 20:32:18
I01383,U047,R089,visit,2026-05-05 21:32:18
I01384,U047,R042,view,2026-03-01 06:25:13
I01385,U047,R042,click,2026-03-01 09:19:13
I01386,U047,R011,view,2026-05-16 10:15:44
I01387,U047,R011,click,2026-05-16 10:28:44
I01388,U047,R054,view,2026-05-24 13:36:12
I01389,U047,R054,click,2026-05-24 14:00:12
I01390,U047,R074,view,2026-03-19 23:26:14
I01391,U047,R098,view,2025-11-22 23:10:02
I01392,U047,R098,click,2025-11-23 00:52:02
I01393,U047,R079,view,2026-08-05 18:05:47
I01394,U047,R079,click,2026-08-05 20:52:47
I01395,U047,R079,save,2026-08-05 22:29:47
I01396,U047,R063,view,2026-05-04 13:37:30
I01397,U047,R095,view,2025-11-03 01:26:23
I01398,U047,R095,click,2025-11-03 02:46:23
I01399,U047,R095,like,2025-11-03 03:41:23
I01400,U047,R073,view,2026-05-28 13:47:03
I01401,U047,R073,click,2026-05-28 14:53:03
I01402,U047,R073,visit,2026-05-28 15:44:03
I01403,U047,R073,rating,2026-05-28 16:15:03
I01404,U047,R015,view,2026-05-02 03:39:47
I01405,U047,R015,click,2026-05-02 05:39:47
I01406,U047,R015,save,2026-05-02 08:26:47
I01407,U048,R021,view,2026-06-27 07:29:53
I01408,U048,R021,click,2026-06-27 10:00:53
I01409,U048,R018,view,2025-10-02 21:02:11
I01410,U048,R018,click,2025-10-02 22:24:11
I01411,U048,R018,like,2025-10-02 23:29:11
I01412,U048,R018,save,2025-10-03 00:27:11
I01413,U048,R059,view,2026-09-06 22:29:20
I01414,U048,R059,click,2026-09-07 00:33:20
I01415,U048,R059,save,2026-09-07 02:33:20
I01416,U048,R096,view,2026-08-23 22:04:45
I01417,U048,R096,click,2026-08-23 23:17:45
I01418,U048,R096,like,2026-08-23 23:54:45
I01419,U048,R096,visit,2026-08-24 02:13:45
I01420,U048,R034,view,2026-04-15 23:14:40
I01421,U048,R034,click,2026-04-16 01:57:40
I01422,U048,R034,save,2026-04-16 02:06:40
I01423,U048,R034,visit,2026-04-16 04:36:40
I01424,U048,R034,rating,2026-04-16 07:06:40
I01425,U048,R068,view,2025-12-22 15:04:23
I01426,U048,R020,view,2026-07-29 01:21:43
I01427,U048,R020,click,2026-07-29 02:01:43
I01428,U048,R026,view,2025-11-21 23:51:49
I01429,U048,R026,click,2025-11-22 01:51:49
I01430,U048,R005,view,2026-08-26 07:45:48
I01431,U048,R005,click,2026-08-26 10:24:48
I01432,U048,R005,like,2026-08-26 13:21:48
I01433,U049,R057,view,2026-02-28 17:17:23
I01434,U049,R057,click,2026-02-28 19:19:23
I01435,U049,R056,view,2025-10-16 11:56:19
I01436,U049,R089,view,2026-08-21 05:34:24
I01437,U049,R089,click,2026-08-21 06:43:24
I01438,U049,R014,view,2026-06-11 17:32:16
I01439,U049,R014,click,2026-06-11 17:53:16
I01440,U049,R014,like,2026-06-11 20:07:16
I01441,U049,R074,view,2026-04-08 01:52:43
I01442,U049,R074,click,2026-04-08 03:57:43
I01443,U049,R074,visit,2026-04-08 06:33:43
I01444,U049,R096,view,2025-12-22 03:28:56
I01445,U049,R096,click,2025-12-22 04:08:56
I01446,U049,R096,like,2025-12-22 04:57:56
I01447,U049,R096,save,2025-12-22 05:39:56
I01448,U049,R096,visit,2025-12-22 07:13:56
I01449,U049,R096,rating,2025-12-22 09:49:56
I01450,U049,R004,view,2026-04-05 00:48:03
I01451,U049,R004,click,2026-04-05 01:43:03
I01452,U049,R004,like,2026-04-05 04:16:03
I01453,U049,R004,save,2026-04-05 04:59:03
I01454,U049,R004,visit,2026-04-05 07:46:03
I01455,U049,R077,view,2025-10-16 05:17:07
I01456,U049,R077,click,2025-10-16 07:45:07
I01457,U049,R077,like,2025-10-16 08:24:07
I01458,U049,R077,visit,2025-10-16 08:40:07
I01459,U049,R077,rating,2025-10-16 09:24:07
I01460,U049,R023,view,2026-04-19 15:26:24
I01461,U049,R027,view,2026-06-14 23:54:39
I01462,U049,R027,click,2026-06-15 01:08:39
I01463,U049,R027,save,2026-06-15 01:31:39
I01464,U050,R018,view,2025-11-07 09:34:04
I01465,U050,R018,click,2025-11-07 10:21:04
I01466,U050,R018,visit,2025-11-07 12:24:04
I01467,U050,R018,rating,2025-11-07 15:03:04
I01468,U050,R083,view,2025-11-20 14:45:10
I01469,U050,R083,click,2025-11-20 17:21:10
I01470,U050,R083,visit,2025-11-20 19:41:10
I01471,U050,R060,view,2026-07-28 22:18:56
I01472,U050,R079,view,2025-12-29 02:58:00
I01473,U050,R079,click,2025-12-29 05:03:00
I01474,U050,R079,save,2025-12-29 06:42:00
I01475,U050,R079,visit,2025-12-29 08:13:00
I01476,U050,R079,rating,2025-12-29 10:45:00
I01477,U050,R081,view,2026-03-15 05:50:55
I01478,U050,R020,view,2026-04-30 03:56:25
I01479,U050,R020,click,2026-04-30 05:42:25
I01480,U050,R020,visit,2026-04-30 06:49:25
I01481,U050,R064,view,2026-04-20 20:31:53
I01482,U050,R064,click,2026-04-20 20:34:53
I01483,U050,R064,save,2026-04-20 22:12:53
I01484,U050,R027,view,2026-05-16 08:02:44
I01485,U050,R027,click,2026-05-16 09:08:44
I01486,U050,R027,visit,2026-05-16 10:16:44
I01487,U050,R027,rating,2026-05-16 12:35:44
I01488,U050,R072,view,2026-05-26 15:08:28
I01489,U050,R033,view,2026-03-04 08:32:28
I01490,U050,R044,view,2026-05-04 12:08:55
I01491,U050,R044,click,2026-05-04 14:13:55
I01492,U050,R058,view,2026-05-13 08:05:56
I01493,U050,R022,view,2025-11-16 05:57:35
I01494,U050,R022,click,2025-11-16 06:57:35
I01495,U050,R022,like,2025-11-16 08:53:35
I01496,U050,R022,save,2025-11-16 09:36:35
I01497,U050,R040,view,2026-06-28 17:02:45
I01498,U050,R040,click,2026-06-28 19:59:45
I01499,U050,R040,like,2026-06-28 20:14:45
I01500,U050,R040,save,2026-06-28 20:57:45
I01501,U050,R011,view,2025-10-03 01:18:44
I01502,U051,R010,view,2025-12-15 15:10:08
I01503,U051,R010,click,2025-12-15 15:20:08
I01504,U051,R027,view,2026-02-17 17:01:11
I01505,U051,R027,click,2026-02-17 18:04:11
I01506,U051,R039,view,2026-02-15 03:23:18
I01507,U051,R039,click,2026-02-15 06:16:18
I01508,U051,R039,like,2026-02-15 07:59:18
I01509,U051,R061,view,2026-01-19 11:40:27
I01510,U051,R061,click,2026-01-19 14:05:27
I01511,U051,R061,like,2026-01-19 16:36:27
I01512,U051,R061,visit,2026-01-19 18:07:27
I01513,U051,R061,rating,2026-01-19 19:37:27
I01514,U051,R073,view,2025-12-07 23:26:32
I01515,U051,R073,click,2025-12-08 01:12:32
I01516,U051,R073,visit,2025-12-08 03:23:32
I01517,U051,R073,rating,2025-12-08 03:52:32
I01518,U051,R094,view,2026-01-09 01:52:35
I01519,U051,R094,click,2026-01-09 04:11:35
I01520,U051,R094,like,2026-01-09 06:40:35
I01521,U051,R040,view,2026-07-22 04:09:45
I01522,U051,R040,click,2026-07-22 05:37:45
I01523,U051,R066,view,2026-01-09 03:03:15
I01524,U051,R066,click,2026-01-09 03:22:15
I01525,U051,R026,view,2025-12-25 14:06:43
I01526,U051,R098,view,2026-06-30 04:06:08
I01527,U051,R098,click,2026-06-30 05:15:08
I01528,U051,R098,visit,2026-06-30 06:20:08
I01529,U051,R098,rating,2026-06-30 07:35:08
I01530,U051,R005,view,2025-12-09 07:36:27
I01531,U051,R005,click,2025-12-09 09:39:27
I01532,U051,R078,view,2026-06-23 07:01:17
I01533,U051,R078,click,2026-06-23 07:51:17
I01534,U051,R078,save,2026-06-23 10:00:17
I01535,U051,R018,view,2026-08-21 19:12:16
I01536,U051,R018,click,2026-08-21 21:52:16
I01537,U051,R018,like,2026-08-21 23:25:16
I01538,U051,R018,save,2026-08-22 00:06:16
I01539,U051,R018,visit,2026-08-22 00:35:16
I01540,U051,R048,view,2026-06-20 11:01:31
I01541,U052,R097,view,2025-10-13 15:30:21
I01542,U052,R086,view,2025-11-16 17:54:45
I01543,U052,R086,click,2025-11-16 20:54:45
I01544,U052,R035,view,2026-02-04 09:17:06
I01545,U052,R035,click,2026-02-04 10:51:06
I01546,U052,R035,save,2026-02-04 13:29:06
I01547,U052,R035,visit,2026-02-04 14:37:06
I01548,U052,R035,rating,2026-02-04 15:26:06
I01549,U052,R029,view,2026-03-14 15:26:02
I01550,U052,R029,click,2026-03-14 16:21:02
I01551,U052,R029,like,2026-03-14 18:10:02
I01552,U052,R029,visit,2026-03-14 19:47:02
I01553,U052,R029,rating,2026-03-14 21:22:02
I01554,U052,R091,view,2025-12-28 18:23:47
I01555,U052,R091,click,2025-12-28 18:50:47
I01556,U052,R091,like,2025-12-28 20:01:47
I01557,U052,R091,save,2025-12-28 21:03:47
I01558,U052,R089,view,2025-11-28 01:53:20
I01559,U052,R089,click,2025-11-28 03:56:20
I01560,U052,R089,like,2025-11-28 04:00:20
I01561,U052,R089,save,2025-11-28 04:47:20
I01562,U052,R053,view,2026-07-07 20:06:32
I01563,U052,R053,click,2026-07-07 21:28:32
I01564,U052,R026,view,2025-10-24 07:34:46
I01565,U052,R026,click,2025-10-24 08:31:46
I01566,U052,R026,visit,2025-10-24 09:38:46
I01567,U052,R026,rating,2025-10-24 11:41:46
I01568,U052,R018,view,2026-05-05 12:11:50
I01569,U052,R018,click,2026-05-05 13:18:50
I01570,U052,R018,save,2026-05-05 14:48:50
I01571,U052,R077,view,2026-05-13 00:40:00
I01572,U052,R077,click,2026-05-13 03:09:00
I01573,U052,R077,like,2026-05-13 05:57:00
I01574,U052,R049,view,2026-04-17 05:41:16
I01575,U052,R049,click,2026-04-17 07:47:16
I01576,U052,R049,save,2026-04-17 09:43:16
I01577,U052,R038,view,2026-08-10 16:28:09
I01578,U052,R038,click,2026-08-10 17:56:09
I01579,U052,R038,like,2026-08-10 19:45:09
I01580,U052,R038,visit,2026-08-10 22:28:09
I01581,U052,R038,rating,2026-08-11 01:06:09
I01582,U052,R073,view,2026-01-30 17:51:52
I01583,U052,R073,click,2026-01-30 19:14:52
I01584,U052,R073,save,2026-01-30 22:03:52
I01585,U052,R012,view,2026-07-31 07:12:20
I01586,U052,R012,click,2026-07-31 08:46:20
I01587,U052,R012,save,2026-07-31 11:18:20
I01588,U052,R051,view,2026-03-10 18:39:27
I01589,U052,R042,view,2026-07-16 21:25:14
I01590,U052,R042,click,2026-07-16 21:47:14
I01591,U052,R042,like,2026-07-16 22:42:14
I01592,U053,R095,view,2026-03-01 09:37:48
I01593,U053,R048,view,2025-12-06 06:10:54
I01594,U053,R048,click,2025-12-06 06:19:54
I01595,U053,R048,visit,2025-12-06 06:29:54
I01596,U053,R048,rating,2025-12-06 09:20:54
I01597,U053,R006,view,2026-02-04 07:05:45
I01598,U053,R077,view,2025-11-22 11:21:43
I01599,U053,R077,click,2025-11-22 14:21:43
I01600,U053,R053,view,2026-05-08 00:42:59
I01601,U053,R053,click,2026-05-08 02:35:59
I01602,U053,R100,view,2026-04-26 07:13:43
I01603,U053,R012,view,2026-04-06 01:19:08
I01604,U053,R062,view,2025-10-05 02:23:14
I01605,U053,R062,click,2025-10-05 02:25:14
I01606,U053,R062,like,2025-10-05 04:40:14
I01607,U053,R062,save,2025-10-05 05:16:14
I01608,U053,R062,visit,2025-10-05 06:46:14
I01609,U053,R062,rating,2025-10-05 08:01:14
I01610,U053,R011,view,2026-01-25 08:34:20
I01611,U053,R011,click,2026-01-25 08:38:20
I01612,U054,R055,view,2026-08-07 16:09:32
I01613,U054,R055,click,2026-08-07 18:47:32
I01614,U054,R055,like,2026-08-07 21:46:32
I01615,U054,R020,view,2025-10-27 14:07:49
I01616,U054,R020,click,2025-10-27 14:55:49
I01617,U054,R020,visit,2025-10-27 15:31:49
I01618,U054,R020,rating,2025-10-27 16:47:49
I01619,U054,R088,view,2025-12-12 22:19:28
I01620,U054,R088,click,2025-12-12 23:43:28
I01621,U054,R088,save,2025-12-12 23:49:28
I01622,U054,R040,view,2026-07-05 18:06:33
I01623,U054,R040,click,2026-07-05 20:00:33
I01624,U054,R040,save,2026-07-05 20:04:33
I01625,U054,R040,visit,2026-07-05 21:05:33
I01626,U054,R040,rating,2026-07-05 21:30:33
I01627,U054,R025,view,2026-04-12 13:23:06
I01628,U054,R025,click,2026-04-12 15:00:06
I01629,U054,R025,like,2026-04-12 17:00:06
I01630,U054,R074,view,2026-02-06 06:08:25
I01631,U054,R065,view,2025-11-26 17:38:14
I01632,U054,R084,view,2026-01-06 02:54:34
I01633,U054,R084,click,2026-01-06 04:33:34
I01634,U054,R084,like,2026-01-06 04:38:34
I01635,U054,R084,visit,2026-01-06 05:11:34
I01636,U055,R019,view,2025-11-17 10:26:29
I01637,U055,R019,click,2025-11-17 11:32:29
I01638,U055,R072,view,2025-12-24 13:56:00
I01639,U055,R072,click,2025-12-24 14:26:00
I01640,U055,R072,like,2025-12-24 15:28:00
I01641,U055,R010,view,2026-03-03 17:12:02
I01642,U055,R010,click,2026-03-03 18:16:02
I01643,U055,R010,like,2026-03-03 18:20:02
I01644,U055,R064,view,2026-06-26 06:16:11
I01645,U055,R022,view,2026-06-24 09:28:02
I01646,U055,R022,click,2026-06-24 12:08:02
I01647,U055,R022,like,2026-06-24 13:36:02
I01648,U055,R022,visit,2026-06-24 16:18:02
I01649,U055,R022,rating,2026-06-24 16:35:02
I01650,U055,R038,view,2026-02-01 00:13:35
I01651,U055,R038,click,2026-02-01 02:37:35
I01652,U055,R038,like,2026-02-01 05:24:35
I01653,U055,R038,visit,2026-02-01 06:54:35
I01654,U055,R038,rating,2026-02-01 08:48:35
I01655,U055,R099,view,2026-07-02 10:13:53
I01656,U055,R099,click,2026-07-02 12:07:53
I01657,U055,R099,like,2026-07-02 14:32:53
I01658,U055,R099,visit,2026-07-02 15:49:53
I01659,U055,R099,rating,2026-07-02 18:09:53
I01660,U055,R093,view,2026-05-09 02:02:34
I01661,U056,R085,view,2026-05-29 16:20:42
I01662,U056,R059,view,2026-04-28 07:26:19
I01663,U056,R059,click,2026-04-28 09:07:19
I01664,U056,R059,like,2026-04-28 09:57:19
I01665,U056,R084,view,2026-07-25 09:09:32
I01666,U056,R017,view,2025-11-07 09:10:25
I01667,U056,R017,click,2025-11-07 11:25:25
I01668,U056,R052,view,2025-12-18 11:30:47
I01669,U056,R052,click,2025-12-18 11:59:47
I01670,U056,R052,save,2025-12-18 14:05:47
I01671,U056,R043,view,2026-04-23 05:00:37
I01672,U056,R043,click,2026-04-23 07:41:37
I01673,U056,R079,view,2025-12-21 01:34:48
I01674,U056,R079,click,2025-12-21 04:23:48
I01675,U056,R079,like,2025-12-21 06:30:48
I01676,U056,R079,visit,2025-12-21 06:52:48
I01677,U056,R054,view,2025-10-24 13:46:00
I01678,U056,R042,view,2026-08-16 20:54:31
I01679,U056,R042,click,2026-08-16 23:33:31
I01680,U056,R042,visit,2026-08-17 00:43:31
I01681,U056,R075,view,2026-04-20 17:57:13
I01682,U056,R075,click,2026-04-20 18:23:13
I01683,U056,R075,like,2026-04-20 18:50:13
I01684,U056,R075,save,2026-04-20 19:51:13
I01685,U056,R049,view,2025-12-09 11:26:57
I01686,U056,R049,click,2025-12-09 13:50:57
I01687,U056,R049,like,2025-12-09 16:14:57
I01688,U056,R072,view,2026-07-25 14:16:44
I01689,U057,R018,view,2026-02-04 01:59:44
I01690,U057,R020,view,2026-01-02 11:41:48
I01691,U057,R020,click,2026-01-02 14:07:48
I01692,U057,R041,view,2026-03-23 19:00:01
I01693,U057,R041,click,2026-03-23 20:43:01
I01694,U057,R041,visit,2026-03-23 20:45:01
I01695,U057,R034,view,2026-05-20 08:54:43
I01696,U057,R016,view,2026-09-11 18:25:34
I01697,U057,R100,view,2026-06-25 20:38:55
I01698,U057,R100,click,2026-06-25 21:50:55
I01699,U057,R100,save,2026-06-26 00:13:55
I01700,U057,R100,visit,2026-06-26 02:25:55
I01701,U057,R045,view,2025-11-30 15:01:25
I01702,U057,R045,click,2025-11-30 15:38:25
I01703,U057,R045,save,2025-11-30 16:47:25
I01704,U057,R037,view,2026-05-10 00:04:10
I01705,U057,R037,click,2026-05-10 01:01:10
I01706,U057,R037,like,2026-05-10 01:22:10
I01707,U057,R037,save,2026-05-10 02:47:10
I01708,U057,R037,visit,2026-05-10 04:52:10
I01709,U057,R037,rating,2026-05-10 05:38:10
I01710,U057,R031,view,2026-05-20 03:57:24
I01711,U057,R031,click,2026-05-20 06:43:24
I01712,U058,R008,view,2025-12-25 17:58:43
I01713,U058,R008,click,2025-12-25 18:39:43
I01714,U058,R008,like,2025-12-25 18:53:43
I01715,U058,R008,visit,2025-12-25 21:47:43
I01716,U058,R006,view,2026-07-20 08:58:45
I01717,U058,R078,view,2025-11-04 23:38:02
I01718,U058,R033,view,2026-04-03 19:17:12
I01719,U058,R033,click,2026-04-03 21:45:12
I01720,U058,R033,save,2026-04-03 21:59:12
I01721,U058,R082,view,2025-11-20 15:11:04
I01722,U058,R082,click,2025-11-20 15:47:04
I01723,U058,R082,like,2025-11-20 17:52:04
I01724,U058,R042,view,2026-07-13 16:55:13
I01725,U058,R042,click,2026-07-13 19:11:13
I01726,U058,R089,view,2026-05-12 16:52:44
I01727,U058,R089,click,2026-05-12 17:16:44
I01728,U058,R089,like,2026-05-12 17:46:44
I01729,U058,R087,view,2026-06-12 12:51:45
I01730,U058,R087,click,2026-06-12 12:59:45
I01731,U058,R087,like,2026-06-12 14:19:45
I01732,U058,R087,save,2026-06-12 15:04:45
I01733,U058,R022,view,2026-08-08 18:36:04
I01734,U058,R063,view,2025-11-30 13:56:36
I01735,U058,R063,click,2025-11-30 14:19:36
I01736,U058,R063,like,2025-11-30 14:49:36
I01737,U058,R063,visit,2025-11-30 15:04:36
I01738,U058,R063,rating,2025-11-30 16:08:36
I01739,U058,R057,view,2026-09-03 09:21:31
I01740,U058,R001,view,2025-10-09 20:01:40
I01741,U058,R001,click,2025-10-09 21:27:40
I01742,U058,R001,save,2025-10-09 22:22:40
I01743,U058,R077,view,2026-05-30 23:10:20
I01744,U058,R077,click,2026-05-30 23:48:20
I01745,U058,R077,like,2026-05-31 02:47:20
I01746,U058,R035,view,2026-02-24 06:13:42
I01747,U059,R005,view,2026-02-28 02:39:27
I01748,U059,R005,click,2026-02-28 03:40:27
I01749,U059,R005,like,2026-02-28 05:19:27
I01750,U059,R019,view,2025-11-08 16:22:25
I01751,U059,R072,view,2026-05-06 17:59:11
I01752,U059,R072,click,2026-05-06 18:06:11
I01753,U059,R072,save,2026-05-06 18:18:11
I01754,U059,R072,visit,2026-05-06 19:23:11
I01755,U059,R028,view,2026-02-16 00:21:51
I01756,U059,R028,click,2026-02-16 03:03:51
I01757,U059,R028,visit,2026-02-16 04:22:51
I01758,U059,R050,view,2026-04-13 16:00:08
I01759,U059,R096,view,2026-06-01 00:48:27
I01760,U059,R006,view,2026-09-11 19:08:56
I01761,U059,R069,view,2026-01-17 19:35:45
I01762,U059,R070,view,2026-06-21 07:22:13
I01763,U059,R070,click,2026-06-21 10:00:13
I01764,U059,R070,visit,2026-06-21 12:42:13
I01765,U059,R070,rating,2026-06-21 15:39:13
I01766,U059,R093,view,2026-03-24 10:33:36
I01767,U059,R093,click,2026-03-24 12:53:36
I01768,U059,R093,visit,2026-03-24 13:28:36
I01769,U059,R093,rating,2026-03-24 14:22:36
I01770,U060,R069,view,2025-11-26 12:22:15
I01771,U060,R021,view,2026-08-16 02:47:06
I01772,U060,R021,click,2026-08-16 05:32:06
I01773,U060,R021,visit,2026-08-16 06:44:06
I01774,U060,R021,rating,2026-08-16 07:24:06
I01775,U060,R015,view,2026-01-12 15:20:23
I01776,U060,R015,click,2026-01-12 17:57:23
I01777,U060,R015,like,2026-01-12 20:24:23
I01778,U060,R071,view,2026-06-25 05:56:29
I01779,U060,R071,click,2026-06-25 08:00:29
I01780,U060,R071,like,2026-06-25 08:36:29
I01781,U060,R090,view,2026-04-01 01:11:32
I01782,U060,R092,view,2025-10-13 12:24:04
I01783,U060,R092,click,2025-10-13 14:10:04
I01784,U060,R092,visit,2025-10-13 14:15:04
I01785,U060,R092,rating,2025-10-13 15:26:04
I01786,U060,R043,view,2026-03-20 14:26:05
I01787,U060,R043,click,2026-03-20 17:05:05
I01788,U060,R043,save,2026-03-20 19:12:05
I01789,U060,R043,visit,2026-03-20 22:10:05
I01790,U060,R043,rating,2026-03-20 23:35:05
I01791,U060,R089,view,2026-08-17 03:17:55
I01792,U060,R089,click,2026-08-17 04:56:55
I01793,U060,R089,like,2026-08-17 06:18:55
I01794,U060,R077,view,2026-09-06 02:53:20
I01795,U060,R077,click,2026-09-06 03:04:20
I01796,U060,R063,view,2026-01-04 10:17:30
I01797,U060,R063,click,2026-01-04 12:31:30
I01798,U060,R063,like,2026-01-04 14:50:30
I01799,U060,R053,view,2025-10-16 05:51:05
I01800,U060,R016,view,2026-09-09 11:10:58
I01801,U060,R016,click,2026-09-09 12:29:58
I01802,U060,R016,visit,2026-09-09 13:44:58
I01803,U060,R016,rating,2026-09-09 15:44:58
I01804,U060,R008,view,2026-05-27 02:49:32
I01805,U060,R049,view,2026-09-16 22:52:03
I01806,U060,R073,view,2026-06-08 22:06:09
I01807,U060,R019,view,2026-09-13 07:44:28
I01808,U060,R019,click,2026-09-13 10:44:28
I01809,U060,R019,save,2026-09-13 13:05:28
I01810,U061,R003,view,2026-07-10 06:57:18
I01811,U061,R048,view,2025-12-02 02:22:22
I01812,U061,R088,view,2026-09-01 00:41:25
I01813,U061,R088,click,2026-09-01 01:21:25
I01814,U061,R088,like,2026-09-01 02:04:25
I01815,U061,R088,save,2026-09-01 02:43:25
I01816,U061,R088,visit,2026-09-01 03:30:25
I01817,U061,R087,view,2026-06-01 06:57:49
I01818,U061,R087,click,2026-06-01 07:45:49
I01819,U061,R085,view,2025-12-18 18:42:53
I01820,U061,R010,view,2026-04-30 01:47:52
I01821,U061,R010,click,2026-04-30 01:50:52
I01822,U061,R010,like,2026-04-30 04:27:52
I01823,U061,R034,view,2026-05-22 01:21:25
I01824,U061,R034,click,2026-05-22 01:24:25
I01825,U061,R034,visit,2026-05-22 02:28:25
I01826,U061,R034,rating,2026-05-22 04:50:25
I01827,U061,R064,view,2026-06-11 16:58:54
I01828,U061,R064,click,2026-06-11 18:29:54
I01829,U061,R064,visit,2026-06-11 18:40:54
I01830,U061,R064,rating,2026-06-11 19:19:54
I01831,U061,R070,view,2026-08-22 10:51:38
I01832,U061,R020,view,2025-12-09 05:23:43
I01833,U061,R020,click,2025-12-09 06:06:43
I01834,U061,R020,save,2025-12-09 09:00:43
I01835,U061,R073,view,2025-12-08 21:40:02
I01836,U061,R073,click,2025-12-08 23:38:02
I01837,U061,R011,view,2026-09-14 13:35:01
I01838,U061,R011,click,2026-09-14 15:14:01
I01839,U061,R011,like,2026-09-14 15:33:01
I01840,U061,R068,view,2026-02-05 20:26:45
I01841,U061,R068,click,2026-02-05 22:42:45
I01842,U061,R068,like,2026-02-06 00:29:45
I01843,U061,R068,visit,2026-02-06 02:45:45
I01844,U061,R062,view,2026-06-02 06:30:19
I01845,U061,R062,click,2026-06-02 08:47:19
I01846,U061,R062,save,2026-06-02 09:11:19
I01847,U061,R009,view,2026-05-23 20:56:22
I01848,U062,R053,view,2026-08-07 12:28:47
I01849,U062,R053,click,2026-08-07 15:07:47
I01850,U062,R053,like,2026-08-07 16:55:47
I01851,U062,R053,visit,2026-08-07 18:42:47
I01852,U062,R099,view,2026-01-18 08:57:04
I01853,U062,R099,click,2026-01-18 10:04:04
I01854,U062,R099,visit,2026-01-18 10:23:04
I01855,U062,R099,rating,2026-01-18 11:43:04
I01856,U062,R036,view,2026-02-10 13:43:14
I01857,U062,R036,click,2026-02-10 15:26:14
I01858,U062,R036,like,2026-02-10 17:53:14
I01859,U062,R036,save,2026-02-10 20:32:14
I01860,U062,R014,view,2025-12-15 08:21:22
I01861,U062,R058,view,2025-10-14 19:25:36
I01862,U062,R058,click,2025-10-14 22:12:36
I01863,U062,R052,view,2026-02-08 03:26:54
I01864,U062,R052,click,2026-02-08 05:26:54
I01865,U062,R064,view,2025-10-22 18:09:55
I01866,U062,R049,view,2025-12-20 21:08:48
I01867,U062,R049,click,2025-12-20 23:37:48
I01868,U062,R049,save,2025-12-21 02:34:48
I01869,U062,R020,view,2026-09-10 21:02:04
I01870,U062,R063,view,2026-04-26 11:47:12
I01871,U062,R063,click,2026-04-26 12:31:12
I01872,U062,R063,like,2026-04-26 14:59:12
I01873,U062,R063,visit,2026-04-26 17:36:12
I01874,U062,R063,rating,2026-04-26 19:17:12
I01875,U062,R074,view,2026-01-31 03:20:48
I01876,U062,R074,click,2026-01-31 03:30:48
I01877,U062,R097,view,2026-01-26 12:42:14
I01878,U062,R097,click,2026-01-26 13:39:14
I01879,U063,R082,view,2025-11-21 13:00:48
I01880,U063,R082,click,2025-11-21 13:54:48
I01881,U063,R079,view,2026-06-24 19:47:30
I01882,U063,R079,click,2026-06-24 22:21:30
I01883,U063,R079,visit,2026-06-24 22:45:30
I01884,U063,R095,view,2026-01-30 08:31:55
I01885,U063,R095,click,2026-01-30 08:38:55
I01886,U063,R095,like,2026-01-30 11:07:55
I01887,U063,R046,view,2026-07-28 02:53:52
I01888,U063,R046,click,2026-07-28 04:47:52
I01889,U063,R046,like,2026-07-28 07:40:52
I01890,U063,R046,save,2026-07-28 08:12:52
I01891,U063,R046,visit,2026-07-28 09:23:52
I01892,U063,R046,rating,2026-07-28 10:03:52
I01893,U063,R003,view,2025-12-20 05:26:26
I01894,U063,R003,click,2025-12-20 07:46:26
I01895,U063,R003,like,2025-12-20 09:17:26
I01896,U063,R049,view,2025-10-28 16:01:54
I01897,U063,R049,click,2025-10-28 17:22:54
I01898,U063,R049,like,2025-10-28 20:00:54
I01899,U063,R049,visit,2025-10-28 21:28:54
I01900,U063,R049,rating,2025-10-28 23:48:54
I01901,U063,R051,view,2025-11-03 10:41:33
I01902,U063,R051,click,2025-11-03 12:32:33
I01903,U063,R051,like,2025-11-03 14:14:33
I01904,U063,R051,visit,2025-11-03 15:01:33
I01905,U063,R051,rating,2025-11-03 17:35:33
I01906,U063,R020,view,2025-12-16 22:51:54
I01907,U063,R020,click,2025-12-17 01:44:54
I01908,U063,R020,visit,2025-12-17 04:02:54
I01909,U063,R020,rating,2025-12-17 04:24:54
I01910,U063,R096,view,2025-11-07 18:33:24
I01911,U063,R096,click,2025-11-07 20:31:24
I01912,U063,R096,like,2025-11-07 21:52:24
I01913,U063,R074,view,2026-07-25 16:14:13
I01914,U063,R054,view,2025-12-26 21:54:55
I01915,U063,R080,view,2026-05-28 14:19:01
I01916,U063,R014,view,2026-03-02 06:25:18
I01917,U064,R004,view,2026-04-06 08:03:27
I01918,U064,R004,click,2026-04-06 09:43:27
I01919,U064,R049,view,2026-03-19 01:47:26
I01920,U064,R049,click,2026-03-19 04:14:26
I01921,U064,R034,view,2025-12-31 17:07:04
I01922,U064,R046,view,2026-04-07 23:43:23
I01923,U064,R046,click,2026-04-08 00:14:23
I01924,U064,R046,like,2026-04-08 02:47:23
I01925,U064,R020,view,2025-10-28 00:47:24
I01926,U064,R020,click,2025-10-28 03:22:24
I01927,U064,R020,visit,2025-10-28 03:51:24
I01928,U064,R075,view,2026-06-14 09:10:53
I01929,U064,R075,click,2026-06-14 09:27:53
I01930,U064,R075,save,2026-06-14 09:52:53
I01931,U064,R061,view,2025-10-01 01:43:05
I01932,U064,R061,click,2025-10-01 02:22:05
I01933,U064,R014,view,2025-12-15 23:44:42
I01934,U064,R014,click,2025-12-16 00:38:42
I01935,U064,R012,view,2026-03-18 19:56:58
I01936,U064,R012,click,2026-03-18 21:26:58
I01937,U064,R012,like,2026-03-18 21:50:58
I01938,U064,R081,view,2026-02-21 09:24:24
I01939,U064,R081,click,2026-02-21 11:46:24
I01940,U064,R081,visit,2026-02-21 12:01:24
I01941,U064,R081,rating,2026-02-21 12:03:24
I01942,U064,R079,view,2026-02-17 12:24:09
I01943,U064,R032,view,2026-03-03 02:50:49
I01944,U064,R032,click,2026-03-03 05:32:49
I01945,U064,R032,save,2026-03-03 06:55:49
I01946,U064,R065,view,2026-05-04 16:54:15
I01947,U064,R065,click,2026-05-04 18:34:15
I01948,U064,R065,like,2026-05-04 20:08:15
I01949,U064,R065,save,2026-05-04 21:56:15
I01950,U064,R065,visit,2026-05-04 22:37:15
I01951,U064,R065,rating,2026-05-04 23:52:15
I01952,U064,R078,view,2026-06-13 12:19:16
I01953,U064,R078,click,2026-06-13 14:12:16
I01954,U064,R078,like,2026-06-13 14:48:16
I01955,U064,R078,visit,2026-06-13 15:11:16
I01956,U064,R054,view,2026-05-23 17:41:28
I01957,U064,R054,click,2026-05-23 19:31:28
I01958,U064,R054,like,2026-05-23 22:12:28
I01959,U065,R081,view,2025-11-01 02:14:32
I01960,U065,R038,view,2026-04-23 10:28:43
I01961,U065,R022,view,2026-07-16 01:00:56
I01962,U065,R022,click,2026-07-16 03:51:56
I01963,U065,R022,like,2026-07-16 06:44:56
I01964,U065,R022,visit,2026-07-16 07:05:56
I01965,U065,R044,view,2026-08-06 22:48:53
I01966,U065,R001,view,2026-04-01 02:10:26
I01967,U065,R001,click,2026-04-01 04:08:26
I01968,U065,R001,like,2026-04-01 06:21:26
I01969,U065,R051,view,2026-01-23 10:02:17
I01970,U065,R051,click,2026-01-23 11:18:17
I01971,U065,R051,like,2026-01-23 12:02:17
I01972,U065,R071,view,2026-05-21 02:22:33
I01973,U065,R069,view,2025-12-05 15:55:57
I01974,U065,R069,click,2025-12-05 18:23:57
I01975,U065,R069,save,2025-12-05 18:38:57
I01976,U065,R025,view,2026-08-11 03:27:18
I01977,U065,R093,view,2026-01-06 21:17:07
I01978,U065,R093,click,2026-01-06 21:52:07
I01979,U065,R093,save,2026-01-07 00:31:07
I01980,U065,R093,visit,2026-01-07 01:44:07
I01981,U065,R057,view,2025-11-28 16:41:09
I01982,U065,R057,click,2025-11-28 19:31:09
I01983,U065,R057,like,2025-11-28 21:27:09
I01984,U065,R057,save,2025-11-28 23:03:09
I01985,U065,R057,visit,2025-11-28 23:49:09
I01986,U065,R057,rating,2025-11-29 00:57:09
I01987,U065,R005,view,2025-11-26 08:09:09
I01988,U065,R005,click,2025-11-26 10:43:09
I01989,U065,R005,visit,2025-11-26 11:24:09
I01990,U065,R005,rating,2025-11-26 13:32:09
I01991,U065,R006,view,2026-01-01 09:49:51
I01992,U065,R048,view,2026-02-12 00:20:19
I01993,U065,R048,click,2026-02-12 00:35:19
I01994,U065,R048,save,2026-02-12 03:21:19
I01995,U065,R036,view,2025-11-15 01:08:45
I01996,U065,R060,view,2026-07-20 05:08:09
I01997,U065,R060,click,2026-07-20 07:26:09
I01998,U065,R060,like,2026-07-20 08:27:09
I01999,U065,R060,save,2026-07-20 10:06:09
I02000,U066,R052,view,2026-01-14 20:43:42
I02001,U066,R052,click,2026-01-14 22:10:42
I02002,U066,R041,view,2026-07-18 22:02:00
I02003,U066,R041,click,2026-07-18 23:05:00
I02004,U066,R041,like,2026-07-19 01:59:00
I02005,U066,R041,visit,2026-07-19 04:31:00
I02006,U066,R024,view,2025-10-04 07:00:12
I02007,U066,R024,click,2025-10-04 07:19:12
I02008,U066,R024,visit,2025-10-04 07:24:12
I02009,U066,R024,rating,2025-10-04 09:11:12
I02010,U066,R081,view,2026-01-06 19:50:30
I02011,U066,R081,click,2026-01-06 20:41:30
I02012,U066,R081,save,2026-01-06 20:51:30
I02013,U066,R036,view,2025-10-23 02:10:40
I02014,U066,R028,view,2026-08-21 11:02:36
I02015,U066,R054,view,2026-06-05 19:21:48
I02016,U066,R097,view,2026-09-15 11:38:59
I02017,U066,R097,click,2026-09-15 14:25:59
I02018,U066,R097,like,2026-09-15 16:51:59
I02019,U066,R097,visit,2026-09-15 17:40:59
I02020,U066,R008,view,2026-06-06 01:51:57
I02021,U066,R008,click,2026-06-06 03:49:57
I02022,U066,R008,like,2026-06-06 05:01:57
I02023,U066,R055,view,2026-01-16 16:30:23
I02024,U066,R055,click,2026-01-16 16:47:23
I02025,U066,R055,visit,2026-01-16 18:26:23
I02026,U067,R016,view,2026-07-29 20:22:31
I02027,U067,R016,click,2026-07-29 22:18:31
I02028,U067,R016,like,2026-07-29 22:24:31
I02029,U067,R016,save,2026-07-30 00:33:31
I02030,U067,R006,view,2025-11-28 21:05:02
I02031,U067,R006,click,2025-11-28 22:31:02
I02032,U067,R006,like,2025-11-29 00:13:02
I02033,U067,R006,save,2025-11-29 02:42:02
I02034,U067,R099,view,2026-08-24 19:06:29
I02035,U067,R099,click,2026-08-24 19:25:29
I02036,U067,R020,view,2025-11-17 01:41:59
I02037,U067,R020,click,2025-11-17 04:08:59
I02038,U067,R020,like,2025-11-17 06:27:59
I02039,U067,R041,view,2026-06-09 07:10:14
I02040,U067,R041,click,2026-06-09 07:35:14
I02041,U067,R041,like,2026-06-09 09:10:14
I02042,U067,R041,save,2026-06-09 11:28:14
I02043,U067,R067,view,2025-12-08 14:12:06
I02044,U067,R067,click,2025-12-08 16:35:06
I02045,U067,R067,like,2025-12-08 16:47:06
I02046,U067,R009,view,2026-04-07 22:32:30
I02047,U067,R009,click,2026-04-07 22:55:30
I02048,U067,R009,like,2026-04-08 01:38:30
I02049,U067,R009,save,2026-04-08 03:32:30
I02050,U067,R009,visit,2026-04-08 04:22:30
I02051,U067,R009,rating,2026-04-08 04:59:30
I02052,U067,R054,view,2025-10-25 11:08:01
I02053,U067,R054,click,2025-10-25 13:28:01
I02054,U067,R045,view,2025-10-07 09:01:46
I02055,U067,R045,click,2025-10-07 09:12:46
I02056,U067,R063,view,2026-06-17 03:50:23
I02057,U067,R063,click,2026-06-17 06:05:23
I02058,U067,R063,save,2026-06-17 08:04:23
I02059,U067,R063,visit,2026-06-17 10:59:23
I02060,U067,R010,view,2026-06-11 22:09:05
I02061,U067,R010,click,2026-06-11 22:15:05
I02062,U067,R010,visit,2026-06-12 00:17:05
I02063,U067,R010,rating,2026-06-12 02:57:05
I02064,U067,R046,view,2026-09-17 08:03:51
I02065,U067,R046,click,2026-09-17 09:23:51
I02066,U067,R046,save,2026-09-17 09:49:51
I02067,U068,R053,view,2026-05-12 16:24:05
I02068,U068,R083,view,2026-05-19 07:57:18
I02069,U068,R083,click,2026-05-19 08:43:18
I02070,U068,R023,view,2025-12-04 01:58:06
I02071,U068,R023,click,2025-12-04 03:52:06
I02072,U068,R023,visit,2025-12-04 04:56:06
I02073,U068,R023,rating,2025-12-04 07:26:06
I02074,U068,R084,view,2025-12-01 06:22:14
I02075,U068,R084,click,2025-12-01 06:28:14
I02076,U068,R047,view,2026-05-19 13:58:10
I02077,U068,R047,click,2026-05-19 15:12:10
I02078,U068,R047,like,2026-05-19 17:00:10
I02079,U068,R086,view,2026-04-22 03:31:22
I02080,U068,R086,click,2026-04-22 05:28:22
I02081,U068,R086,visit,2026-04-22 07:15:22
I02082,U068,R086,rating,2026-04-22 08:18:22
I02083,U068,R099,view,2025-11-04 04:25:01
I02084,U068,R099,click,2025-11-04 07:07:01
I02085,U068,R099,like,2025-11-04 08:26:01
I02086,U068,R099,save,2025-11-04 09:57:01
I02087,U068,R069,view,2025-11-07 03:50:17
I02088,U068,R069,click,2025-11-07 06:30:17
I02089,U068,R069,like,2025-11-07 08:04:17
I02090,U068,R069,save,2025-11-07 10:24:17
I02091,U068,R033,view,2025-12-15 05:35:30
I02092,U068,R033,click,2025-12-15 06:05:30
I02093,U069,R067,view,2025-12-08 07:23:28
I02094,U069,R005,view,2026-04-07 09:05:59
I02095,U069,R064,view,2026-02-04 14:16:55
I02096,U069,R064,click,2026-02-04 16:05:55
I02097,U069,R028,view,2026-01-01 02:06:11
I02098,U069,R028,click,2026-01-01 03:53:11
I02099,U069,R028,save,2026-01-01 04:46:11
I02100,U069,R028,visit,2026-01-01 06:24:11
I02101,U069,R028,rating,2026-01-01 07:22:11
I02102,U069,R044,view,2026-03-26 16:49:20
I02103,U069,R044,click,2026-03-26 17:36:20
I02104,U069,R044,like,2026-03-26 19:17:20
I02105,U069,R044,visit,2026-03-26 20:54:20
I02106,U069,R033,view,2025-10-13 11:08:35
I02107,U069,R033,click,2025-10-13 14:07:35
I02108,U069,R033,like,2025-10-13 16:34:35
I02109,U069,R033,save,2025-10-13 16:51:35
I02110,U069,R033,visit,2025-10-13 18:04:35
I02111,U069,R033,rating,2025-10-13 18:40:35
I02112,U069,R083,view,2026-03-28 02:15:55
I02113,U069,R078,view,2026-08-03 15:06:39
I02114,U069,R078,click,2026-08-03 17:51:39
I02115,U069,R006,view,2026-05-13 12:28:56
I02116,U069,R076,view,2025-11-03 13:59:57
I02117,U070,R027,view,2026-08-15 22:59:23
I02118,U070,R027,click,2026-08-15 23:26:23
I02119,U070,R027,like,2026-08-16 01:23:23
I02120,U070,R074,view,2025-12-24 15:58:03
I02121,U070,R074,click,2025-12-24 16:33:03
I02122,U070,R074,save,2025-12-24 18:06:03
I02123,U070,R075,view,2025-12-02 20:06:42
I02124,U070,R075,click,2025-12-02 22:05:42
I02125,U070,R075,save,2025-12-03 00:33:42
I02126,U070,R023,view,2026-03-07 10:13:57
I02127,U070,R023,click,2026-03-07 11:02:57
I02128,U070,R023,like,2026-03-07 12:38:57
I02129,U070,R032,view,2026-02-07 06:54:36
I02130,U070,R032,click,2026-02-07 09:11:36
I02131,U070,R032,visit,2026-02-07 09:21:36
I02132,U070,R058,view,2026-08-05 13:04:43
I02133,U070,R058,click,2026-08-05 13:59:43
I02134,U070,R089,view,2026-06-20 00:13:17
I02135,U070,R089,click,2026-06-20 01:48:17
I02136,U070,R089,visit,2026-06-20 02:03:17
I02137,U070,R059,view,2026-06-09 17:24:25
I02138,U070,R059,click,2026-06-09 19:49:25
I02139,U070,R059,save,2026-06-09 20:08:25
I02140,U070,R014,view,2025-12-19 12:03:34
I02141,U070,R056,view,2026-01-01 16:13:04
I02142,U070,R001,view,2026-06-30 22:58:38
I02143,U070,R001,click,2026-06-30 23:53:38
I02144,U070,R099,view,2025-10-22 03:36:14
I02145,U070,R099,click,2025-10-22 03:54:14
I02146,U070,R006,view,2026-06-21 10:17:29
I02147,U070,R006,click,2026-06-21 12:35:29
I02148,U070,R006,like,2026-06-21 13:51:29
I02149,U070,R006,visit,2026-06-21 15:48:29
I02150,U070,R045,view,2026-09-08 23:22:16
I02151,U070,R045,click,2026-09-08 23:40:16
I02152,U070,R078,view,2026-03-27 19:41:46
I02153,U071,R027,view,2026-04-29 06:32:22
I02154,U071,R097,view,2026-03-13 03:53:42
I02155,U071,R011,view,2025-10-09 08:13:46
I02156,U071,R026,view,2026-04-20 19:12:50
I02157,U071,R026,click,2026-04-20 21:59:50
I02158,U071,R026,like,2026-04-20 23:26:50
I02159,U071,R069,view,2026-06-16 14:13:17
I02160,U071,R069,click,2026-06-16 17:13:17
I02161,U071,R049,view,2026-03-22 22:05:22
I02162,U071,R087,view,2026-04-07 01:28:22
I02163,U071,R087,click,2026-04-07 03:05:22
I02164,U071,R087,like,2026-04-07 04:20:22
I02165,U071,R087,visit,2026-04-07 04:34:22
I02166,U071,R087,rating,2026-04-07 05:13:22
I02167,U071,R051,view,2025-12-10 18:58:38
I02168,U071,R051,click,2025-12-10 19:44:38
I02169,U071,R051,visit,2025-12-10 22:43:38
I02170,U071,R062,view,2025-12-02 15:00:10
I02171,U071,R028,view,2026-02-21 13:35:38
I02172,U071,R028,click,2026-02-21 14:24:38
I02173,U072,R038,view,2026-07-01 23:16:59
I02174,U072,R038,click,2026-07-02 00:33:59
I02175,U072,R058,view,2026-06-16 23:50:39
I02176,U072,R058,click,2026-06-17 00:29:39
I02177,U072,R015,view,2026-03-21 16:43:20
I02178,U072,R032,view,2026-07-12 03:23:02
I02179,U072,R094,view,2025-11-24 03:31:09
I02180,U072,R042,view,2026-01-28 15:32:03
I02181,U072,R052,view,2026-06-07 01:28:01
I02182,U072,R052,click,2026-06-07 02:19:01
I02183,U072,R052,visit,2026-06-07 04:50:01
I02184,U072,R052,rating,2026-06-07 07:06:01
I02185,U072,R014,view,2026-06-20 22:41:17
I02186,U072,R014,click,2026-06-21 01:34:17
I02187,U072,R014,save,2026-06-21 01:58:17
I02188,U072,R014,visit,2026-06-21 04:11:17
I02189,U072,R049,view,2026-09-18 19:20:21
I02190,U072,R049,click,2026-09-18 22:12:21
I02191,U072,R049,like,2026-09-18 23:46:21
I02192,U072,R035,view,2026-02-14 10:51:58
I02193,U072,R035,click,2026-02-14 12:11:58
I02194,U072,R035,save,2026-02-14 14:07:58
I02195,U072,R035,visit,2026-02-14 16:32:58
I02196,U072,R035,rating,2026-02-14 16:56:58
I02197,U073,R020,view,2026-05-18 09:31:34
I02198,U073,R074,view,2026-07-03 19:58:54
I02199,U073,R074,click,2026-07-03 22:25:54
I02200,U073,R074,like,2026-07-03 23:02:54
I02201,U073,R074,visit,2026-07-03 23:55:54
I02202,U073,R074,rating,2026-07-04 00:44:54
I02203,U073,R089,view,2026-04-10 21:21:01
I02204,U073,R089,click,2026-04-10 23:46:01
I02205,U073,R089,like,2026-04-11 01:46:01
I02206,U073,R089,visit,2026-04-11 02:45:01
I02207,U073,R089,rating,2026-04-11 02:53:01
I02208,U073,R073,view,2025-11-18 05:24:46
I02209,U073,R073,click,2025-11-18 08:13:46
I02210,U073,R073,like,2025-11-18 11:05:46
I02211,U073,R039,view,2025-11-16 08:27:57
I02212,U073,R039,click,2025-11-16 09:39:57
I02213,U073,R083,view,2025-10-26 21:55:13
I02214,U073,R057,view,2026-05-14 15:55:31
I02215,U073,R017,view,2026-06-27 14:49:59
I02216,U073,R017,click,2026-06-27 15:21:59
I02217,U073,R030,view,2026-02-02 03:38:38
I02218,U073,R030,click,2026-02-02 05:38:38
I02219,U073,R030,visit,2026-02-02 08:37:38
I02220,U073,R030,rating,2026-02-02 09:13:38
I02221,U073,R100,view,2026-02-16 06:00:51
I02222,U073,R100,click,2026-02-16 06:14:51
I02223,U073,R100,like,2026-02-16 07:30:51
I02224,U073,R052,view,2025-12-11 03:59:25
I02225,U073,R052,click,2025-12-11 04:25:25
I02226,U073,R033,view,2026-06-24 00:21:23
I02227,U073,R033,click,2026-06-24 01:40:23
I02228,U073,R033,like,2026-06-24 02:51:23
I02229,U074,R002,view,2026-04-25 15:29:27
I02230,U074,R002,click,2026-04-25 17:52:27
I02231,U074,R054,view,2026-02-13 05:33:05
I02232,U074,R054,click,2026-02-13 06:54:05
I02233,U074,R054,save,2026-02-13 09:52:05
I02234,U074,R054,visit,2026-02-13 11:26:05
I02235,U074,R054,rating,2026-02-13 12:03:05
I02236,U074,R041,view,2026-05-21 02:29:20
I02237,U074,R051,view,2025-12-26 08:31:31
I02238,U074,R051,click,2025-12-26 09:05:31
I02239,U074,R051,like,2025-12-26 12:04:31
I02240,U074,R051,visit,2025-12-26 12:42:31
I02241,U074,R038,view,2026-08-01 11:41:12
I02242,U074,R038,click,2026-08-01 12:11:12
I02243,U074,R038,like,2026-08-01 12:32:12
I02244,U074,R038,save,2026-08-01 12:38:12
I02245,U074,R038,visit,2026-08-01 14:43:12
I02246,U074,R092,view,2025-10-24 00:23:31
I02247,U074,R092,click,2025-10-24 02:25:31
I02248,U074,R092,like,2025-10-24 02:57:31
I02249,U074,R014,view,2026-05-22 17:06:27
I02250,U074,R014,click,2026-05-22 18:00:27
I02251,U074,R014,like,2026-05-22 20:32:27
I02252,U074,R014,save,2026-05-22 21:25:27
I02253,U074,R014,visit,2026-05-22 22:14:27
I02254,U074,R014,rating,2026-05-23 01:07:27
I02255,U074,R020,view,2026-02-14 18:46:20
I02256,U074,R020,click,2026-02-14 19:29:20
I02257,U074,R020,like,2026-02-14 21:39:20
I02258,U074,R020,visit,2026-02-15 00:17:20
I02259,U074,R020,rating,2026-02-15 01:20:20
I02260,U074,R028,view,2025-12-14 09:21:08
I02261,U074,R028,click,2025-12-14 10:35:08
I02262,U074,R028,like,2025-12-14 11:20:08
I02263,U074,R028,visit,2025-12-14 13:39:08
I02264,U074,R028,rating,2025-12-14 13:42:08
I02265,U074,R026,view,2026-04-14 19:26:25
I02266,U075,R069,view,2026-07-13 21:38:34
I02267,U075,R069,click,2026-07-13 22:59:34
I02268,U075,R069,like,2026-07-14 01:56:34
I02269,U075,R069,save,2026-07-14 03:51:34
I02270,U075,R012,view,2026-08-23 15:13:52
I02271,U075,R012,click,2026-08-23 17:16:52
I02272,U075,R012,like,2026-08-23 20:11:52
I02273,U075,R012,visit,2026-08-23 21:47:52
I02274,U075,R012,rating,2026-08-23 22:34:52
I02275,U075,R086,view,2026-04-09 22:29:41
I02276,U075,R099,view,2026-03-05 14:05:20
I02277,U075,R099,click,2026-03-05 17:04:20
I02278,U075,R099,like,2026-03-05 19:37:20
I02279,U075,R099,visit,2026-03-05 20:05:20
I02280,U075,R099,rating,2026-03-05 20:50:20
I02281,U075,R043,view,2026-03-07 00:14:48
I02282,U075,R043,click,2026-03-07 00:47:48
I02283,U075,R043,like,2026-03-07 01:48:48
I02284,U075,R043,save,2026-03-07 03:38:48
I02285,U075,R051,view,2026-08-03 14:36:20
I02286,U075,R051,click,2026-08-03 17:22:20
I02287,U075,R041,view,2026-04-17 14:43:43
I02288,U075,R041,click,2026-04-17 15:56:43
I02289,U075,R077,view,2026-06-02 00:50:32
I02290,U075,R077,click,2026-06-02 01:26:32
I02291,U075,R077,like,2026-06-02 01:35:32
I02292,U075,R077,save,2026-06-02 02:02:32
I02293,U075,R031,view,2026-04-12 10:57:13
I02294,U075,R047,view,2026-05-31 00:56:56
I02295,U075,R047,click,2026-05-31 01:22:56
I02296,U075,R047,like,2026-05-31 01:43:56
I02297,U075,R047,visit,2026-05-31 04:34:56
I02298,U075,R047,rating,2026-05-31 06:49:56
I02299,U075,R053,view,2026-01-10 14:53:49
I02300,U075,R053,click,2026-01-10 17:13:49
I02301,U075,R053,like,2026-01-10 18:42:49
I02302,U075,R049,view,2026-07-24 16:40:08
I02303,U075,R033,view,2026-09-07 19:21:56
I02304,U075,R027,view,2025-10-13 18:16:31
I02305,U075,R027,click,2025-10-13 19:03:31
I02306,U075,R027,like,2025-10-13 21:27:31
I02307,U075,R027,save,2025-10-14 00:17:31
I02308,U075,R075,view,2025-12-03 17:56:06
I02309,U076,R049,view,2026-02-02 11:06:57
I02310,U076,R009,view,2025-10-11 10:43:28
I02311,U076,R009,click,2025-10-11 13:25:28
I02312,U076,R009,like,2025-10-11 14:54:28
I02313,U076,R009,visit,2025-10-11 16:33:28
I02314,U076,R070,view,2025-12-31 02:50:10
I02315,U076,R070,click,2025-12-31 05:37:10
I02316,U076,R070,visit,2025-12-31 06:58:10
I02317,U076,R070,rating,2025-12-31 09:31:10
I02318,U076,R068,view,2025-10-26 10:30:23
I02319,U076,R071,view,2026-03-14 01:44:02
I02320,U076,R071,click,2026-03-14 04:11:02
I02321,U076,R071,like,2026-03-14 06:24:02
I02322,U076,R071,visit,2026-03-14 08:13:02
I02323,U076,R071,rating,2026-03-14 09:23:02
I02324,U076,R057,view,2026-05-17 08:27:24
I02325,U076,R046,view,2026-02-24 16:46:10
I02326,U076,R090,view,2026-02-08 11:26:37
I02327,U076,R090,click,2026-02-08 13:35:37
I02328,U076,R090,visit,2026-02-08 15:45:37
I02329,U076,R090,rating,2026-02-08 18:37:37
I02330,U076,R048,view,2026-08-02 16:45:58
I02331,U076,R048,click,2026-08-02 17:06:58
I02332,U076,R048,like,2026-08-02 19:25:58
I02333,U076,R048,visit,2026-08-02 20:21:58
I02334,U076,R037,view,2026-05-31 13:26:08
I02335,U076,R037,click,2026-05-31 13:51:08
I02336,U076,R037,like,2026-05-31 16:21:08
I02337,U076,R047,view,2026-03-15 20:54:55
I02338,U076,R047,click,2026-03-15 21:49:55
I02339,U076,R047,like,2026-03-15 23:19:55
I02340,U076,R099,view,2025-12-17 16:51:09
I02341,U076,R099,click,2025-12-17 18:39:09
I02342,U076,R099,like,2025-12-17 20:23:09
I02343,U076,R099,visit,2025-12-17 21:29:09
I02344,U076,R099,rating,2025-12-18 00:10:09
I02345,U076,R061,view,2026-09-01 01:02:17
I02346,U076,R061,click,2026-09-01 01:51:17
I02347,U076,R061,save,2026-09-01 04:20:17
I02348,U076,R061,visit,2026-09-01 06:29:17
I02349,U076,R029,view,2026-08-11 03:48:23
I02350,U076,R029,click,2026-08-11 06:27:23
I02351,U076,R029,visit,2026-08-11 08:20:23
I02352,U076,R029,rating,2026-08-11 10:46:23
I02353,U077,R037,view,2026-06-08 21:33:14
I02354,U077,R014,view,2026-01-04 09:01:59
I02355,U077,R014,click,2026-01-04 10:22:59
I02356,U077,R014,visit,2026-01-04 12:22:59
I02357,U077,R014,rating,2026-01-04 14:28:59
I02358,U077,R015,view,2026-03-13 21:30:12
I02359,U077,R070,view,2025-12-18 10:41:16
I02360,U077,R032,view,2026-05-02 20:57:10
I02361,U077,R032,click,2026-05-02 21:44:10
I02362,U077,R032,like,2026-05-03 00:30:10
I02363,U077,R048,view,2026-04-07 16:22:31
I02364,U077,R034,view,2025-10-25 16:37:27
I02365,U077,R034,click,2025-10-25 18:23:27
I02366,U077,R085,view,2026-09-09 23:30:09
I02367,U077,R005,view,2026-04-13 06:39:15
I02368,U077,R005,click,2026-04-13 07:11:15
I02369,U077,R005,visit,2026-04-13 09:26:15
I02370,U077,R022,view,2026-07-29 00:36:12
I02371,U077,R046,view,2026-02-05 21:10:01
I02372,U077,R046,click,2026-02-05 23:41:01
I02373,U077,R046,save,2026-02-06 01:22:01
I02374,U077,R046,visit,2026-02-06 02:24:01
I02375,U078,R018,view,2025-11-26 06:40:24
I02376,U078,R018,click,2025-11-26 08:14:24
I02377,U078,R098,view,2026-05-24 06:36:09
I02378,U078,R098,click,2026-05-24 06:46:09
I02379,U078,R098,save,2026-05-24 09:37:09
I02380,U078,R046,view,2026-08-03 08:10:26
I02381,U078,R025,view,2026-02-18 22:03:16
I02382,U078,R025,click,2026-02-19 01:00:16
I02383,U078,R062,view,2026-01-08 05:44:47
I02384,U078,R062,click,2026-01-08 07:03:47
I02385,U078,R062,like,2026-01-08 07:28:47
I02386,U078,R062,visit,2026-01-08 08:30:47
I02387,U078,R051,view,2026-09-07 13:13:43
I02388,U078,R051,click,2026-09-07 15:59:43
I02389,U078,R041,view,2026-01-15 10:12:19
I02390,U078,R096,view,2026-04-09 22:54:01
I02391,U078,R033,view,2026-08-23 16:12:42
I02392,U079,R048,view,2026-04-19 12:52:44
I02393,U079,R048,click,2026-04-19 15:40:44
I02394,U079,R048,save,2026-04-19 16:15:44
I02395,U079,R048,visit,2026-04-19 18:49:44
I02396,U079,R048,rating,2026-04-19 21:46:44
I02397,U079,R036,view,2026-02-02 01:00:56
I02398,U079,R062,view,2026-08-18 02:02:31
I02399,U079,R062,click,2026-08-18 03:27:31
I02400,U079,R083,view,2026-08-21 03:46:21
I02401,U079,R083,click,2026-08-21 06:14:21
I02402,U079,R083,like,2026-08-21 07:13:21
I02403,U079,R083,save,2026-08-21 07:20:21
I02404,U079,R076,view,2026-06-09 07:28:17
I02405,U079,R045,view,2025-12-05 12:55:10
I02406,U079,R045,click,2025-12-05 13:09:10
I02407,U079,R045,visit,2025-12-05 14:53:10
I02408,U079,R003,view,2025-11-15 13:47:10
I02409,U079,R003,click,2025-11-15 13:52:10
I02410,U079,R003,like,2025-11-15 16:08:10
I02411,U079,R003,save,2025-11-15 18:01:10
I02412,U079,R003,visit,2025-11-15 19:59:10
I02413,U079,R006,view,2025-12-27 04:20:31
I02414,U079,R065,view,2025-11-20 13:32:44
I02415,U079,R065,click,2025-11-20 15:24:44
I02416,U079,R065,visit,2025-11-20 16:18:44
I02417,U079,R065,rating,2025-11-20 18:53:44
I02418,U079,R064,view,2026-01-18 21:26:45
I02419,U079,R082,view,2025-12-31 10:53:06
I02420,U079,R082,click,2025-12-31 13:33:06
I02421,U079,R082,like,2025-12-31 15:30:06
I02422,U079,R082,visit,2025-12-31 16:35:06
I02423,U079,R014,view,2026-09-04 10:26:30
I02424,U079,R014,click,2026-09-04 11:50:30
I02425,U079,R014,save,2026-09-04 14:49:30
I02426,U080,R007,view,2025-11-21 08:32:59
I02427,U080,R007,click,2025-11-21 10:57:59
I02428,U080,R007,like,2025-11-21 11:09:59
I02429,U080,R055,view,2026-03-31 18:52:01
I02430,U080,R055,click,2026-03-31 19:27:01
I02431,U080,R055,like,2026-03-31 19:51:01
I02432,U080,R005,view,2026-03-18 03:11:48
I02433,U080,R092,view,2026-08-21 04:56:15
I02434,U080,R092,click,2026-08-21 06:09:15
I02435,U080,R092,like,2026-08-21 07:43:15
I02436,U080,R044,view,2026-01-11 10:24:07
I02437,U080,R044,click,2026-01-11 12:38:07
I02438,U080,R032,view,2025-11-28 17:53:22
I02439,U080,R032,click,2025-11-28 20:17:22
I02440,U080,R032,like,2025-11-28 23:07:22
I02441,U080,R060,view,2026-01-10 01:27:47
I02442,U080,R060,click,2026-01-10 02:10:47
I02443,U080,R060,like,2026-01-10 04:11:47
I02444,U080,R060,save,2026-01-10 06:04:47
I02445,U080,R060,visit,2026-01-10 06:35:47
I02446,U080,R060,rating,2026-01-10 08:43:47
I02447,U080,R067,view,2025-11-13 16:29:27
I02448,U080,R067,click,2025-11-13 17:08:27
I02449,U080,R081,view,2026-07-19 05:54:58
I02450,U080,R081,click,2026-07-19 08:06:58
I02451,U080,R081,like,2026-07-19 09:17:58
I02452,U080,R081,save,2026-07-19 11:43:58
I02453,U080,R070,view,2026-05-15 15:03:21
I02454,U080,R082,view,2026-06-20 21:14:40
I02455,U080,R082,click,2026-06-20 21:40:40
I02456,U080,R082,visit,2026-06-20 23:06:40
I02457,U080,R001,view,2025-11-11 04:38:35
I02458,U080,R001,click,2025-11-11 06:02:35
I02459,U080,R001,save,2025-11-11 06:43:35
I02460,U080,R001,visit,2025-11-11 06:52:35
I02461,U081,R058,view,2026-02-03 12:10:14
I02462,U081,R001,view,2026-05-01 11:51:56
I02463,U081,R099,view,2026-09-02 03:11:21
I02464,U081,R099,click,2026-09-02 04:55:21
I02465,U081,R099,like,2026-09-02 05:19:21
I02466,U081,R099,save,2026-09-02 05:26:21
I02467,U081,R063,view,2026-06-12 00:19:16
I02468,U081,R063,click,2026-06-12 01:00:16
I02469,U081,R063,save,2026-06-12 01:32:16
I02470,U081,R096,view,2025-11-20 23:40:49
I02471,U081,R096,click,2025-11-21 01:13:49
I02472,U081,R096,like,2025-11-21 04:05:49
I02473,U081,R096,visit,2025-11-21 04:31:49
I02474,U081,R096,rating,2025-11-21 06:07:49
I02475,U081,R029,view,2025-11-05 00:55:59
I02476,U081,R029,click,2025-11-05 02:45:59
I02477,U081,R029,like,2025-11-05 04:21:59
I02478,U081,R029,save,2025-11-05 07:00:59
I02479,U081,R029,visit,2025-11-05 07:49:59
I02480,U081,R029,rating,2025-11-05 09:42:59
I02481,U081,R071,view,2025-12-27 01:58:37
I02482,U081,R071,click,2025-12-27 04:45:37
I02483,U081,R071,like,2025-12-27 07:42:37
I02484,U081,R072,view,2026-04-23 18:35:37
I02485,U081,R094,view,2025-11-02 14:39:29
I02486,U081,R053,view,2026-06-23 18:16:05
I02487,U081,R053,click,2026-06-23 19:34:05
I02488,U081,R053,like,2026-06-23 20:39:05
I02489,U081,R053,visit,2026-06-23 22:54:05
I02490,U081,R020,view,2026-03-15 00:28:51
I02491,U081,R020,click,2026-03-15 02:15:51
I02492,U081,R020,like,2026-03-15 02:41:51
I02493,U081,R020,save,2026-03-15 04:41:51
I02494,U081,R020,visit,2026-03-15 07:32:51
I02495,U081,R020,rating,2026-03-15 09:59:51
I02496,U081,R006,view,2026-03-29 18:20:40
I02497,U081,R006,click,2026-03-29 19:07:40
I02498,U081,R006,visit,2026-03-29 19:55:40
I02499,U082,R089,view,2026-04-04 07:04:46
I02500,U082,R089,click,2026-04-04 09:03:46
I02501,U082,R089,save,2026-04-04 12:02:46
I02502,U082,R089,visit,2026-04-04 13:47:46
I02503,U082,R089,rating,2026-04-04 16:37:46
I02504,U082,R032,view,2026-01-26 14:18:01
I02505,U082,R060,view,2026-05-28 12:28:42
I02506,U082,R049,view,2025-11-04 00:49:07
I02507,U082,R049,click,2025-11-04 01:23:07
I02508,U082,R070,view,2026-08-30 14:34:20
I02509,U082,R070,click,2026-08-30 14:42:20
I02510,U082,R070,like,2026-08-30 15:37:20
I02511,U082,R070,save,2026-08-30 17:42:20
I02512,U082,R064,view,2026-04-28 03:57:11
I02513,U082,R064,click,2026-04-28 04:47:11
I02514,U082,R064,like,2026-04-28 05:11:11
I02515,U082,R026,view,2025-11-27 13:00:14
I02516,U082,R098,view,2026-03-22 22:10:45
I02517,U082,R098,click,2026-03-23 00:16:45
I02518,U082,R098,like,2026-03-23 02:18:45
I02519,U082,R087,view,2026-05-16 06:42:15
I02520,U082,R019,view,2026-06-02 19:50:45
I02521,U082,R019,click,2026-06-02 21:42:45
I02522,U082,R019,visit,2026-06-02 23:30:45
I02523,U082,R019,rating,2026-06-03 01:38:45
I02524,U082,R020,view,2026-04-07 18:47:21
I02525,U082,R020,click,2026-04-07 21:00:21
I02526,U082,R020,save,2026-04-07 23:33:21
I02527,U082,R077,view,2026-09-17 11:53:35
I02528,U082,R059,view,2026-05-03 20:43:00
I02529,U082,R059,click,2026-05-03 21:01:00
I02530,U082,R059,like,2026-05-03 22:11:00
I02531,U082,R059,save,2026-05-04 00:58:00
I02532,U082,R088,view,2025-11-15 09:58:00
I02533,U083,R020,view,2026-07-05 18:08:21
I02534,U083,R072,view,2026-03-11 21:25:36
I02535,U083,R072,click,2026-03-12 00:19:36
I02536,U083,R049,view,2026-05-30 11:59:27
I02537,U083,R049,click,2026-05-30 12:54:27
I02538,U083,R044,view,2025-11-03 11:22:00
I02539,U083,R054,view,2026-08-05 03:47:33
I02540,U083,R054,click,2026-08-05 05:35:33
I02541,U083,R054,like,2026-08-05 07:43:33
I02542,U083,R054,save,2026-08-05 09:02:33
I02543,U083,R061,view,2026-02-16 15:53:24
I02544,U083,R061,click,2026-02-16 18:48:24
I02545,U083,R061,like,2026-02-16 19:30:24
I02546,U083,R061,save,2026-02-16 20:16:24
I02547,U083,R068,view,2025-11-16 20:53:38
I02548,U083,R068,click,2025-11-16 23:18:38
I02549,U083,R068,like,2025-11-17 00:17:38
I02550,U083,R091,view,2026-01-12 21:11:56
I02551,U083,R091,click,2026-01-12 21:51:56
I02552,U083,R091,visit,2026-01-13 00:49:56
I02553,U084,R098,view,2026-08-15 03:07:54
I02554,U084,R098,click,2026-08-15 03:44:54
I02555,U084,R098,like,2026-08-15 04:17:54
I02556,U084,R098,visit,2026-08-15 05:10:54
I02557,U084,R098,rating,2026-08-15 07:04:54
I02558,U084,R075,view,2025-10-03 13:24:02
I02559,U084,R097,view,2026-07-05 18:08:41
I02560,U084,R097,click,2026-07-05 19:56:41
I02561,U084,R097,like,2026-07-05 21:30:41
I02562,U084,R097,save,2026-07-06 00:13:41
I02563,U084,R097,visit,2026-07-06 03:05:41
I02564,U084,R097,rating,2026-07-06 04:09:41
I02565,U084,R077,view,2026-04-24 16:41:54
I02566,U084,R058,view,2026-09-14 18:34:29
I02567,U084,R058,click,2026-09-14 20:33:29
I02568,U084,R058,like,2026-09-14 22:47:29
I02569,U084,R085,view,2025-10-28 00:32:37
I02570,U084,R085,click,2025-10-28 00:55:37
I02571,U084,R085,like,2025-10-28 02:23:37
I02572,U084,R085,save,2025-10-28 03:45:37
I02573,U084,R085,visit,2025-10-28 05:29:37
I02574,U084,R011,view,2025-11-28 14:58:31
I02575,U084,R011,click,2025-11-28 17:27:31
I02576,U084,R011,like,2025-11-28 17:43:31
I02577,U084,R011,save,2025-11-28 20:26:31
I02578,U084,R054,view,2026-06-30 03:50:23
I02579,U084,R054,click,2026-06-30 06:13:23
I02580,U084,R048,view,2026-09-15 14:33:05
I02581,U084,R048,click,2026-09-15 16:50:05
I02582,U084,R048,like,2026-09-15 19:28:05
I02583,U084,R048,save,2026-09-15 20:07:05
I02584,U084,R019,view,2026-06-11 05:25:34
I02585,U084,R019,click,2026-06-11 07:20:34
I02586,U084,R019,like,2026-06-11 10:20:34
I02587,U084,R013,view,2026-07-31 12:41:45
I02588,U084,R022,view,2026-07-09 14:24:34
I02589,U084,R022,click,2026-07-09 14:58:34
I02590,U084,R022,like,2026-07-09 17:13:34
I02591,U084,R022,save,2026-07-09 19:33:34
I02592,U084,R022,visit,2026-07-09 20:47:34
I02593,U084,R022,rating,2026-07-09 21:43:34
I02594,U084,R037,view,2025-10-10 02:18:23
I02595,U084,R037,click,2025-10-10 02:27:23
I02596,U084,R037,like,2025-10-10 04:47:23
I02597,U084,R073,view,2026-07-12 06:36:20
I02598,U084,R073,click,2026-07-12 06:53:20
I02599,U084,R073,save,2026-07-12 08:30:20
I02600,U084,R073,visit,2026-07-12 09:38:20
I02601,U084,R073,rating,2026-07-12 12:20:20
I02602,U084,R070,view,2026-07-14 04:01:15
I02603,U084,R070,click,2026-07-14 04:04:15
I02604,U084,R070,like,2026-07-14 06:02:15
I02605,U084,R070,visit,2026-07-14 07:30:15
I02606,U084,R070,rating,2026-07-14 08:32:15
I02607,U085,R030,view,2026-04-03 23:00:01
I02608,U085,R030,click,2026-04-03 23:56:01
I02609,U085,R030,save,2026-04-04 01:52:01
I02610,U085,R030,visit,2026-04-04 02:13:01
I02611,U085,R077,view,2026-03-06 09:56:11
I02612,U085,R069,view,2026-06-05 04:14:52
I02613,U085,R069,click,2026-06-05 06:04:52
I02614,U085,R065,view,2026-04-15 10:15:58
I02615,U085,R065,click,2026-04-15 10:49:58
I02616,U085,R065,visit,2026-04-15 12:55:58
I02617,U085,R065,rating,2026-04-15 14:54:58
I02618,U085,R070,view,2026-04-18 07:14:07
I02619,U085,R049,view,2026-05-06 02:30:23
I02620,U085,R049,click,2026-05-06 04:06:23
I02621,U085,R049,like,2026-05-06 04:38:23
I02622,U085,R023,view,2025-11-12 20:24:27
I02623,U085,R032,view,2026-02-23 10:13:04
I02624,U085,R032,click,2026-02-23 11:32:04
I02625,U085,R032,like,2026-02-23 12:49:04
I02626,U085,R032,visit,2026-02-23 14:55:04
I02627,U085,R032,rating,2026-02-23 15:04:04
I02628,U085,R057,view,2026-09-11 06:36:49
I02629,U085,R057,click,2026-09-11 07:50:49
I02630,U085,R057,save,2026-09-11 08:47:49
I02631,U085,R083,view,2026-04-08 19:53:13
I02632,U085,R036,view,2026-05-11 13:17:52
I02633,U085,R036,click,2026-05-11 14:38:52
I02634,U085,R008,view,2026-02-09 04:44:27
I02635,U086,R053,view,2026-07-13 19:12:15
I02636,U086,R053,click,2026-07-13 20:25:15
I02637,U086,R053,like,2026-07-13 23:12:15
I02638,U086,R047,view,2026-07-02 17:26:06
I02639,U086,R047,click,2026-07-02 18:47:06
I02640,U086,R045,view,2026-06-08 01:42:54
I02641,U086,R046,view,2026-05-10 11:03:46
I02642,U086,R046,click,2026-05-10 13:18:46
I02643,U086,R089,view,2026-04-25 13:17:21
I02644,U086,R089,click,2026-04-25 14:05:21
I02645,U086,R089,like,2026-04-25 14:11:21
I02646,U086,R089,save,2026-04-25 15:23:21
I02647,U086,R032,view,2026-05-24 16:17:48
I02648,U086,R032,click,2026-05-24 17:41:48
I02649,U086,R032,visit,2026-05-24 19:25:48
I02650,U086,R083,view,2026-03-11 03:29:16
I02651,U086,R083,click,2026-03-11 03:37:16
I02652,U086,R083,save,2026-03-11 05:54:16
I02653,U086,R071,view,2026-01-19 19:40:15
I02654,U086,R071,click,2026-01-19 20:18:15
I02655,U086,R071,like,2026-01-19 21:06:15
I02656,U086,R040,view,2025-11-29 21:30:11
I02657,U086,R023,view,2026-06-21 13:05:25
I02658,U087,R017,view,2026-04-14 21:32:48
I02659,U087,R075,view,2026-01-13 13:56:30
I02660,U087,R028,view,2026-09-10 03:34:17
I02661,U087,R028,click,2026-09-10 03:40:17
I02662,U087,R028,save,2026-09-10 04:50:17
I02663,U087,R028,visit,2026-09-10 07:13:17
I02664,U087,R011,view,2026-01-27 07:11:50
I02665,U087,R011,click,2026-01-27 09:38:50
I02666,U087,R011,like,2026-01-27 11:24:50
I02667,U087,R014,view,2026-02-22 23:27:24
I02668,U087,R014,click,2026-02-23 01:47:24
I02669,U087,R091,view,2026-04-27 18:11:42
I02670,U087,R026,view,2026-05-04 14:23:38
I02671,U087,R096,view,2026-06-11 14:56:58
I02672,U087,R096,click,2026-06-11 15:40:58
I02673,U087,R089,view,2026-02-14 11:27:08
I02674,U087,R089,click,2026-02-14 14:10:08
I02675,U087,R089,save,2026-02-14 15:06:08
I02676,U087,R089,visit,2026-02-14 17:37:08
I02677,U087,R004,view,2026-06-29 05:49:58
I02678,U087,R004,click,2026-06-29 06:22:58
I02679,U087,R004,like,2026-06-29 06:59:58
I02680,U087,R004,visit,2026-06-29 09:23:58
I02681,U087,R004,rating,2026-06-29 10:36:58
I02682,U087,R025,view,2026-02-11 01:35:31
I02683,U087,R025,click,2026-02-11 04:19:31
I02684,U087,R060,view,2026-07-02 20:44:46
I02685,U087,R023,view,2026-05-21 19:52:20
I02686,U087,R023,click,2026-05-21 21:18:20
I02687,U088,R092,view,2026-06-18 19:53:15
I02688,U088,R092,click,2026-06-18 21:48:15
I02689,U088,R092,like,2026-06-19 00:42:15
I02690,U088,R092,save,2026-06-19 01:15:15
I02691,U088,R066,view,2026-02-24 04:04:57
I02692,U088,R040,view,2025-10-04 06:35:10
I02693,U088,R040,click,2025-10-04 07:08:10
I02694,U088,R040,like,2025-10-04 09:08:10
I02695,U088,R091,view,2026-03-22 15:45:50
I02696,U088,R071,view,2026-02-16 23:08:01
I02697,U088,R071,click,2026-02-16 23:59:01
I02698,U088,R071,like,2026-02-17 00:24:01
I02699,U088,R076,view,2026-08-10 22:58:09
I02700,U088,R050,view,2026-07-02 13:25:09
I02701,U088,R050,click,2026-07-02 16:02:09
I02702,U088,R050,visit,2026-07-02 16:57:09
I02703,U088,R081,view,2026-05-10 00:25:02
I02704,U088,R081,click,2026-05-10 02:35:02
I02705,U089,R067,view,2025-12-14 12:11:09
I02706,U089,R058,view,2026-06-22 08:24:02
I02707,U089,R058,click,2026-06-22 10:49:02
I02708,U089,R069,view,2026-08-28 14:33:00
I02709,U089,R069,click,2026-08-28 15:57:00
I02710,U089,R069,like,2026-08-28 17:49:00
I02711,U089,R057,view,2026-09-09 05:38:08
I02712,U089,R057,click,2026-09-09 06:37:08
I02713,U089,R057,visit,2026-09-09 06:51:08
I02714,U089,R006,view,2026-04-25 18:25:24
I02715,U089,R012,view,2026-08-10 16:03:25
I02716,U089,R012,click,2026-08-10 16:11:25
I02717,U089,R005,view,2026-03-14 14:17:27
I02718,U089,R025,view,2025-12-16 11:01:29
I02719,U089,R060,view,2025-10-10 07:54:55
I02720,U089,R060,click,2025-10-10 10:27:55
I02721,U089,R060,like,2025-10-10 13:09:55
I02722,U089,R060,visit,2025-10-10 14:36:55
I02723,U089,R060,rating,2025-10-10 15:42:55
I02724,U089,R021,view,2026-08-05 09:39:07
I02725,U089,R021,click,2026-08-05 10:41:07
I02726,U089,R021,like,2026-08-05 11:01:07
I02727,U089,R021,visit,2026-08-05 13:36:07
I02728,U089,R021,rating,2026-08-05 16:16:07
I02729,U089,R052,view,2026-05-31 20:40:22
I02730,U090,R039,view,2026-03-05 23:57:27
I02731,U090,R039,click,2026-03-06 00:23:27
I02732,U090,R039,like,2026-03-06 03:03:27
I02733,U090,R039,save,2026-03-06 04:50:27
I02734,U090,R039,visit,2026-03-06 05:51:27
I02735,U090,R091,view,2026-05-31 08:10:39
I02736,U090,R071,view,2025-11-09 07:58:43
I02737,U090,R071,click,2025-11-09 09:26:43
I02738,U090,R080,view,2026-08-01 01:25:42
I02739,U090,R008,view,2026-02-05 10:59:12
I02740,U090,R082,view,2025-12-15 04:37:05
I02741,U090,R082,click,2025-12-15 07:05:05
I02742,U090,R082,like,2025-12-15 07:39:05
I02743,U090,R082,visit,2025-12-15 10:24:05
I02744,U090,R007,view,2026-01-03 10:20:43
I02745,U090,R007,click,2026-01-03 10:57:43
I02746,U090,R060,view,2026-07-20 23:16:18
I02747,U090,R060,click,2026-07-21 00:49:18
I02748,U091,R031,view,2026-05-21 22:11:23
I02749,U091,R031,click,2026-05-22 01:10:23
I02750,U091,R035,view,2026-05-08 20:24:20
I02751,U091,R039,view,2026-03-12 14:31:22
I02752,U091,R001,view,2025-10-02 10:27:33
I02753,U091,R001,click,2025-10-02 13:12:33
I02754,U091,R001,like,2025-10-02 14:11:33
I02755,U091,R001,visit,2025-10-02 17:10:33
I02756,U091,R001,rating,2025-10-02 18:10:33
I02757,U091,R062,view,2026-01-01 19:49:08
I02758,U091,R072,view,2026-08-13 09:06:47
I02759,U091,R007,view,2026-02-23 23:45:07
I02760,U091,R053,view,2026-05-04 10:06:01
I02761,U091,R053,click,2026-05-04 10:37:01
I02762,U091,R053,save,2026-05-04 11:15:01
I02763,U091,R053,visit,2026-05-04 12:31:01
I02764,U091,R053,rating,2026-05-04 14:25:01
I02765,U091,R087,view,2026-07-25 07:16:56
I02766,U091,R089,view,2026-07-07 04:02:36
I02767,U091,R089,click,2026-07-07 04:48:36
I02768,U091,R089,like,2026-07-07 06:16:36
I02769,U091,R089,save,2026-07-07 08:39:36
I02770,U091,R089,visit,2026-07-07 09:43:36
I02771,U091,R043,view,2025-11-23 07:12:08
I02772,U091,R043,click,2025-11-23 08:51:08
I02773,U091,R043,like,2025-11-23 11:40:08
I02774,U091,R043,save,2025-11-23 12:10:08
I02775,U091,R043,visit,2025-11-23 13:38:08
I02776,U091,R019,view,2026-04-23 15:18:47
I02777,U091,R019,click,2026-04-23 17:59:47
I02778,U091,R019,like,2026-04-23 19:52:47
I02779,U091,R020,view,2026-06-27 15:50:50
I02780,U091,R020,click,2026-06-27 17:27:50
I02781,U091,R020,save,2026-06-27 18:50:50
I02782,U091,R020,visit,2026-06-27 21:25:50
I02783,U091,R093,view,2026-01-03 23:22:04
I02784,U091,R082,view,2026-01-04 23:48:24
I02785,U091,R082,click,2026-01-05 00:03:24
I02786,U091,R082,visit,2026-01-05 02:46:24
I02787,U091,R082,rating,2026-01-05 03:59:24
I02788,U092,R078,view,2026-04-11 03:47:45
I02789,U092,R078,click,2026-04-11 05:50:45
I02790,U092,R079,view,2025-12-20 11:14:24
I02791,U092,R079,click,2025-12-20 12:12:24
I02792,U092,R058,view,2026-02-24 10:40:04
I02793,U092,R058,click,2026-02-24 13:08:04
I02794,U092,R058,like,2026-02-24 13:50:04
I02795,U092,R058,save,2026-02-24 15:27:04
I02796,U092,R015,view,2026-05-15 18:55:20
I02797,U092,R015,click,2026-05-15 19:07:20
I02798,U092,R015,like,2026-05-15 21:08:20
I02799,U092,R015,save,2026-05-15 23:21:20
I02800,U092,R015,visit,2026-05-16 02:02:20
I02801,U092,R015,rating,2026-05-16 03:30:20
I02802,U092,R035,view,2026-03-17 23:14:41
I02803,U092,R089,view,2026-01-12 03:48:11
I02804,U092,R089,click,2026-01-12 06:35:11
I02805,U092,R089,like,2026-01-12 06:56:11
I02806,U092,R089,save,2026-01-12 08:29:11
I02807,U092,R089,visit,2026-01-12 08:52:11
I02808,U092,R089,rating,2026-01-12 10:09:11
I02809,U092,R073,view,2025-11-08 05:14:21
I02810,U092,R073,click,2025-11-08 05:46:21
I02811,U092,R032,view,2026-01-06 02:23:21
I02812,U092,R032,click,2026-01-06 03:42:21
I02813,U092,R032,like,2026-01-06 06:38:21
I02814,U092,R032,save,2026-01-06 07:50:21
I02815,U092,R047,view,2025-11-23 12:59:45
I02816,U093,R086,view,2026-04-03 06:05:06
I02817,U093,R081,view,2026-08-02 05:48:52
I02818,U093,R040,view,2026-07-08 14:17:04
I02819,U093,R039,view,2026-06-29 01:17:02
I02820,U093,R039,click,2026-06-29 03:05:02
I02821,U093,R039,like,2026-06-29 04:00:02
I02822,U093,R061,view,2025-11-19 20:16:05
I02823,U093,R061,click,2025-11-19 21:36:05
I02824,U093,R069,view,2026-07-20 06:59:04
I02825,U093,R069,click,2026-07-20 08:44:04
I02826,U093,R069,visit,2026-07-20 11:42:04
I02827,U093,R069,rating,2026-07-20 14:01:04
I02828,U093,R048,view,2025-11-29 16:30:22
I02829,U093,R048,click,2025-11-29 17:56:22
I02830,U093,R048,like,2025-11-29 20:23:22
I02831,U093,R052,view,2026-03-01 16:59:34
I02832,U093,R052,click,2026-03-01 17:17:34
I02833,U093,R052,visit,2026-03-01 19:35:34
I02834,U093,R052,rating,2026-03-01 21:15:34
I02835,U093,R080,view,2026-01-27 07:30:05
I02836,U093,R080,click,2026-01-27 07:55:05
I02837,U093,R080,like,2026-01-27 08:40:05
I02838,U093,R014,view,2025-12-08 23:41:18
I02839,U093,R036,view,2026-02-27 20:47:37
I02840,U093,R036,click,2026-02-27 22:01:37
I02841,U093,R036,save,2026-02-27 22:55:37
I02842,U093,R036,visit,2026-02-27 23:56:37
I02843,U093,R021,view,2025-12-06 17:31:54
I02844,U093,R021,click,2025-12-06 18:56:54
I02845,U093,R021,like,2025-12-06 20:43:54
I02846,U093,R021,save,2025-12-06 22:25:54
I02847,U094,R044,view,2026-03-23 02:31:10
I02848,U094,R077,view,2026-05-23 21:35:51
I02849,U094,R040,view,2026-09-19 12:38:04
I02850,U094,R092,view,2026-03-28 17:25:02
I02851,U094,R021,view,2026-07-14 08:02:51
I02852,U094,R089,view,2026-07-04 09:02:22
I02853,U094,R089,click,2026-07-04 10:20:22
I02854,U094,R031,view,2026-07-12 18:19:44
I02855,U094,R031,click,2026-07-12 20:11:44
I02856,U094,R031,save,2026-07-12 22:10:44
I02857,U094,R031,visit,2026-07-12 23:50:44
I02858,U094,R084,view,2026-01-02 02:07:18
I02859,U094,R084,click,2026-01-02 02:49:18
I02860,U094,R067,view,2026-04-27 20:04:37
I02861,U094,R014,view,2025-10-26 22:05:52
I02862,U094,R059,view,2026-09-16 09:26:13
I02863,U094,R030,view,2026-03-09 17:23:24
I02864,U094,R020,view,2026-07-30 17:33:56
I02865,U094,R020,click,2026-07-30 18:58:56
I02866,U094,R073,view,2026-01-07 03:57:20
I02867,U094,R047,view,2026-07-19 04:02:50
I02868,U094,R047,click,2026-07-19 06:02:50
I02869,U094,R047,like,2026-07-19 07:41:50
I02870,U094,R047,save,2026-07-19 09:10:50
I02871,U094,R019,view,2026-03-04 01:16:21
I02872,U095,R072,view,2026-05-24 17:32:36
I02873,U095,R072,click,2026-05-24 17:59:36
I02874,U095,R072,like,2026-05-24 18:46:36
I02875,U095,R072,save,2026-05-24 20:03:36
I02876,U095,R009,view,2026-06-21 01:40:06
I02877,U095,R009,click,2026-06-21 02:51:06
I02878,U095,R009,like,2026-06-21 03:32:06
I02879,U095,R009,save,2026-06-21 05:26:06
I02880,U095,R068,view,2026-03-21 16:16:49
I02881,U095,R068,click,2026-03-21 19:16:49
I02882,U095,R044,view,2026-08-12 03:50:18
I02883,U095,R045,view,2026-07-06 05:25:45
I02884,U095,R005,view,2026-03-01 16:49:38
I02885,U095,R067,view,2026-07-25 22:01:22
I02886,U095,R067,click,2026-07-25 22:54:22
I02887,U095,R067,like,2026-07-25 23:59:22
I02888,U095,R067,save,2026-07-26 01:36:22
I02889,U095,R077,view,2026-06-22 01:40:55
I02890,U095,R077,click,2026-06-22 04:33:55
I02891,U095,R077,like,2026-06-22 04:51:55
I02892,U095,R077,save,2026-06-22 05:49:55
I02893,U095,R077,visit,2026-06-22 06:15:55
I02894,U095,R041,view,2026-05-07 06:43:26
I02895,U095,R041,click,2026-05-07 09:25:26
I02896,U095,R041,like,2026-05-07 10:15:26
I02897,U095,R041,visit,2026-05-07 12:56:26
I02898,U095,R041,rating,2026-05-07 13:51:26
I02899,U096,R021,view,2025-11-09 12:58:17
I02900,U096,R021,click,2025-11-09 15:17:17
I02901,U096,R021,like,2025-11-09 17:44:17
I02902,U096,R037,view,2026-02-28 21:41:32
I02903,U096,R037,click,2026-03-01 00:36:32
I02904,U096,R037,like,2026-03-01 03:35:32
I02905,U096,R037,save,2026-03-01 04:11:32
I02906,U096,R017,view,2026-06-16 19:01:26
I02907,U096,R017,click,2026-06-16 21:06:26
I02908,U096,R043,view,2026-06-06 18:44:59
I02909,U096,R043,click,2026-06-06 19:45:59
I02910,U096,R034,view,2026-09-14 06:35:24
I02911,U096,R034,click,2026-09-14 07:08:24
I02912,U096,R034,save,2026-09-14 08:29:24
I02913,U096,R044,view,2026-07-22 02:02:30
I02914,U096,R049,view,2025-10-24 06:31:22
I02915,U096,R006,view,2025-10-15 17:18:58
I02916,U096,R006,click,2025-10-15 18:20:58
I02917,U096,R006,save,2025-10-15 20:55:58
I02918,U096,R083,view,2026-07-23 08:19:00
I02919,U096,R083,click,2026-07-23 08:31:00
I02920,U096,R083,like,2026-07-23 10:46:00
I02921,U096,R083,save,2026-07-23 12:34:00
I02922,U096,R067,view,2026-07-19 11:38:29
I02923,U096,R039,view,2026-06-16 06:18:19
I02924,U096,R039,click,2026-06-16 07:23:19
I02925,U096,R039,save,2026-06-16 10:20:19
I02926,U096,R039,visit,2026-06-16 13:20:19
I02927,U096,R039,rating,2026-06-16 14:18:19
I02928,U097,R049,view,2026-01-29 23:02:43
I02929,U097,R049,click,2026-01-29 23:46:43
I02930,U097,R049,save,2026-01-30 00:38:43
I02931,U097,R049,visit,2026-01-30 01:42:43
I02932,U097,R001,view,2026-06-04 20:15:23
I02933,U097,R001,click,2026-06-04 21:08:23
I02934,U097,R001,like,2026-06-04 22:19:23
I02935,U097,R087,view,2026-04-15 05:40:04
I02936,U097,R087,click,2026-04-15 08:18:04
I02937,U097,R087,visit,2026-04-15 10:10:04
I02938,U097,R087,rating,2026-04-15 10:51:04
I02939,U097,R008,view,2026-01-25 14:21:39
I02940,U097,R008,click,2026-01-25 16:55:39
I02941,U097,R021,view,2026-03-26 03:53:14
I02942,U097,R021,click,2026-03-26 05:07:14
I02943,U097,R065,view,2025-12-16 00:12:10
I02944,U097,R065,click,2025-12-16 00:53:10
I02945,U097,R065,save,2025-12-16 01:43:10
I02946,U097,R016,view,2026-03-11 11:43:29
I02947,U097,R016,click,2026-03-11 13:26:29
I02948,U097,R023,view,2025-11-18 08:12:52
I02949,U097,R023,click,2025-11-18 09:52:52
I02950,U097,R023,visit,2025-11-18 12:18:52
I02951,U097,R011,view,2026-07-08 11:48:50
I02952,U097,R011,click,2026-07-08 13:19:50
I02953,U097,R062,view,2026-03-14 16:20:32
I02954,U097,R062,click,2026-03-14 17:25:32
I02955,U097,R062,save,2026-03-14 18:29:32
I02956,U097,R062,visit,2026-03-14 20:33:32
I02957,U097,R062,rating,2026-03-14 20:43:32
I02958,U098,R096,view,2026-04-26 01:47:47
I02959,U098,R096,click,2026-04-26 04:37:47
I02960,U098,R013,view,2026-09-03 15:33:45
I02961,U098,R013,click,2026-09-03 15:57:45
I02962,U098,R024,view,2026-07-29 15:17:09
I02963,U098,R060,view,2026-01-13 11:27:38
I02964,U098,R070,view,2026-03-04 13:21:04
I02965,U098,R015,view,2026-06-28 10:08:31
I02966,U098,R015,click,2026-06-28 11:56:31
I02967,U098,R015,visit,2026-06-28 14:12:31
I02968,U098,R015,rating,2026-06-28 16:00:31
I02969,U098,R009,view,2026-04-07 22:14:26
I02970,U098,R009,click,2026-04-07 23:02:26
I02971,U098,R009,like,2026-04-08 01:12:26
I02972,U098,R009,save,2026-04-08 01:42:26
I02973,U098,R009,visit,2026-04-08 03:39:26
I02974,U098,R009,rating,2026-04-08 06:06:26
I02975,U098,R008,view,2026-01-09 17:20:06
I02976,U098,R008,click,2026-01-09 19:06:06
I02977,U098,R008,like,2026-01-09 21:00:06
I02978,U098,R008,save,2026-01-09 23:42:06
I02979,U098,R077,view,2025-10-25 22:58:09
I02980,U098,R077,click,2025-10-26 00:27:09
I02981,U098,R077,save,2025-10-26 00:36:09
I02982,U098,R077,visit,2025-10-26 03:07:09
I02983,U098,R077,rating,2025-10-26 04:09:09
I02984,U098,R041,view,2026-06-16 09:15:11
I02985,U098,R041,click,2026-06-16 11:46:11
I02986,U098,R041,save,2026-06-16 11:58:11
I02987,U098,R041,visit,2026-06-16 12:24:11
I02988,U098,R076,view,2025-10-03 19:41:10
I02989,U098,R098,view,2026-04-02 18:50:23
I02990,U098,R098,click,2026-04-02 20:18:23
I02991,U098,R005,view,2026-08-14 05:34:03
I02992,U098,R005,click,2026-08-14 06:37:03
I02993,U098,R092,view,2025-11-08 21:43:14
I02994,U098,R092,click,2025-11-08 21:45:14
I02995,U098,R092,like,2025-11-08 23:43:14
I02996,U098,R092,save,2025-11-09 02:43:14
I02997,U098,R092,visit,2025-11-09 04:27:14
I02998,U098,R092,rating,2025-11-09 05:04:14
I02999,U098,R090,view,2026-08-13 12:49:58
I03000,U098,R090,click,2026-08-13 13:54:58
I03001,U098,R090,save,2026-08-13 15:30:58
I03002,U099,R001,view,2026-08-05 08:14:49
I03003,U099,R064,view,2026-06-13 16:09:51
I03004,U099,R064,click,2026-06-13 16:36:51
I03005,U099,R095,view,2026-05-11 02:25:32
I03006,U099,R095,click,2026-05-11 04:36:32
I03007,U099,R095,like,2026-05-11 04:46:32
I03008,U099,R095,save,2026-05-11 05:20:32
I03009,U099,R033,view,2026-09-05 17:35:39
I03010,U099,R033,click,2026-09-05 19:36:39
I03011,U099,R033,like,2026-09-05 20:21:39
I03012,U099,R063,view,2026-04-06 06:08:11
I03013,U099,R087,view,2026-01-03 12:14:32
I03014,U099,R098,view,2025-10-12 08:22:00
I03015,U099,R098,click,2025-10-12 09:05:00
I03016,U099,R098,visit,2025-10-12 10:30:00
I03017,U099,R073,view,2026-09-14 13:24:27
I03018,U099,R073,click,2026-09-14 16:17:27
I03019,U099,R073,like,2026-09-14 16:50:27
I03020,U099,R073,save,2026-09-14 19:42:27
I03021,U099,R066,view,2026-06-04 01:05:49
I03022,U099,R022,view,2026-07-25 14:46:55
I03023,U099,R022,click,2026-07-25 17:21:55
I03024,U099,R047,view,2026-02-24 09:59:27
I03025,U100,R025,view,2026-03-14 13:09:22
I03026,U100,R025,click,2026-03-14 14:32:22
I03027,U100,R025,like,2026-03-14 16:07:22
I03028,U100,R025,visit,2026-03-14 19:02:22
I03029,U100,R025,rating,2026-03-14 19:36:22
I03030,U100,R029,view,2026-05-18 10:25:52
I03031,U100,R012,view,2026-01-24 06:35:45
I03032,U100,R012,click,2026-01-24 07:33:45
I03033,U100,R012,like,2026-01-24 09:42:45
I03034,U100,R012,visit,2026-01-24 12:38:45
I03035,U100,R035,view,2026-08-18 11:12:04
I03036,U100,R035,click,2026-08-18 11:22:04
I03037,U100,R060,view,2026-05-11 21:48:22
I03038,U100,R060,click,2026-05-11 23:52:22
I03039,U100,R060,like,2026-05-12 02:35:22
I03040,U100,R060,visit,2026-05-12 03:32:22
I03041,U100,R018,view,2025-11-29 07:17:16
I03042,U100,R018,click,2025-11-29 08:12:16
I03043,U100,R018,save,2025-11-29 09:11:16
I03044,U100,R094,view,2026-07-29 09:12:19
I03045,U100,R057,view,2026-08-26 12:45:47
I03046,U100,R057,click,2026-08-26 13:27:47
I03047,U100,R057,save,2026-08-26 13:34:47
I03048,U100,R013,view,2025-10-28 21:26:27
I03049,U100,R013,click,2025-10-28 23:43:27
I03050,U100,R013,like,2025-10-29 00:57:27
I03051,U100,R013,visit,2025-10-29 02:11:27
I03052,U100,R013,rating,2025-10-29 05:11:27
I03053,U100,R032,view,2026-05-01 19:49:25
I03054,U100,R039,view,2025-10-22 00:27:56
I03055,U100,R039,click,2025-10-22 01:46:56
